{
    "ARAB": [
        {
            "class_code": "ARAB 0100",
            "class_body": "ARAB 0100 First-Year Arabic Fall 2024 Last Updated 5/3/2024, 3:06:24 PM Course Description Builds basic listening, speaking, reading, and writing skills, introducing the Arabic language in its cultural environment. Four contact hours per week, with an emphasis on grammar and communication, plus written, audio, and video assignments outside of class. This is the first half of a two-semester sequence course whose first semester grade is normally a temporary one. Neither semester may be elected independently without special written permission. The final grade at the end of the course work in ARAB 0200 covers the entire year and is recorded as the final grade for both semesters. If course is full, please request an override.  Enrollment limited to 18. Registration Restrictions Enrollment limited to students with a semester level of 01, 02, 03, 04, 05 or 06. Curricular Programs First Half of Year Course (YC01) Course Resources The Critical Review for ARAB 0100 Instructors Alla Hassan alla_hassan@brown.edu Have You Considered? MGRK 0100 Introduction to Modern Greek All Sections Section # CRN Meets Instructor S01 16639 MW 10-10:50a; TTh 9-10:20a A. Hassan S02 16640 MW 11-11:50a; TTh 10:30-11:50a A. Hassan S03 16641 MW 1-1:50p; TTh 1-2:20p A. Hassan VIEW CALENDAR Students Who Took This Course Also Took... ECON 0110 Principles of Economics ARAB 0300 Second-Year Arabic CHEM 0330 Equilibrium, Rate, and Structure ARAB 0500 Third-Year Arabic SEE ALL"
        },
        {
            "class_code": "ARAB 0300",
            "class_body": "ARAB 0300 Second-Year Arabic Fall 2024 Maximum Enrollment: 12 / Seats Avail: 2 Last Updated 5/3/2024, 3:06:24 PM Course Description Develops listening, speaking, reading and writing skills at the intermediate level of language proficiency through extensive use of various texts and multimedia. Promotes better understanding of Arabic cultural traditions. Five contact hours weekly, plus written, audio, and video assignments outside of class. Prerequisite: ARAB 0200. This is the first half of a year-long course. Neither semester may be elected independently without special written permission. The final grade at the end of the course work in ARAB 0400 covers the entire year and is recorded as the final grade for both semesters. Registration Restrictions Prerequisites: ARAB 0100 and 0200. Curricular Programs First Half of Year Course (YC01) Course Resources The Critical Review for ARAB 0300 Instructors Miled Faiza miled_faiza@brown.edu All Sections Section # CRN Meets Instructor S01 16645 MW 11-11:50a; TTh 10:30-11:50a M. Faiza S02 16646 MW 1-1:50p; TTh 1-2:20p M. Faiza VIEW CALENDAR Students Who Took This Course Also Took... ARAB 0950 Advanced Reading and Composition: Arabic Fiction in the West ARAB 0500 Third-Year Arabic CHEM 0330 Equilibrium, Rate, and Structure ECON 0110 Principles of Economics SEE ALL"
        },
        {
            "class_code": "ARAB 0500",
            "class_body": "ARAB 0500 Third-Year Arabic Fall 2024 Last Updated 5/3/2024, 3:06:24 PM Course Description This course offers comprehensive training in listening, speaking, reading, and writing at the advanced proficiency level. It will accelerate students\u2019 advancement toward language and cultural proficiency by integrating the study of Modern Standard Arabic and Colloquial Arabic, the latter of which will be the main form of oral communication in class discussions. Thematic units will include selections from the classical and modern traditions of Arabic writing, contemporary film and media, and various art forms with the goal of broadening students\u2019 understanding of Arab societies and their cultures. Through this integrated approach, students will gain confidence to function in an ample variety of social and cultural environments and access a wider range of media. Prereq: ARAB0400 or equivalent Registration Restrictions Prerequisite: ARAB 0400. Course Resources The Critical Review for ARAB 0500 Instructors Elsa Belmont Flores elsa_belmont_flores@brown.edu All Sections Section # CRN Meets Instructor S01 16738 MTWTh 11-11:50a E. Belmont Flores S02 16739 MTWTh 10-10:50a E. Belmont Flores VIEW CALENDAR Students Who Took This Course Also Took... MES 1970 Individual Research Project ARAB 0850 Advanced reading and composition in Arabic: Kalila wa-Dimna ARAB 0950 Advanced Reading and Composition: Arabic Fiction in the West ECON 0110 Principles of Economics SEE ALL"
        },
        {
            "class_code": "ARAB 0950",
            "class_body": "ARAB 0950 Section S01, CRN 18968 Advanced Reading and Composition: Arabic Fiction in the West Fall 2024 Maximum Enrollment: 12 / Seats Avail: 7 Last Updated 5/3/2024, 3:06:24 PM Course Description This course explores themes of exile, nostalgia, and identity in works written in Arabic by Arab authors living in the West. The course aims to improve the students\u2019 skills in critical reading and writing through studying and analyzing original texts in their linguistic, cultural and historical contexts. Students read short stories and novels in Arabic by writers including Houda Barakat, Hassouna Mosbahi and Abdul Hadi Saadoun. All readings and discussions in Arabic. Registration Restrictions Enrollment is limited to Undergraduate level students. Course Resources The Critical Review for ARAB 0950 Final Exam If an exam is scheduled for the final exam period, it will be held: Exam Date: 14-DEC-2024  Exam Time: 02:00:00 PM  Exam Group: 12 Schedule and Location TTh 2:30pm-3:50pm Location TBD Instructors Miled Faiza miled_faiza@brown.edu Registration Demographics Current enrollment: 5 All Sections Section # CRN Meets Instructor S01 18968 TTh 2:30-3:50p M. Faiza VIEW CALENDAR Students Who Took This Course Also Took... ARAB 0300 Second-Year Arabic ECON 0110 Principles of Economics ARAB 0500 Third-Year Arabic POLS 0400 Introduction to International Politics SEE ALL Textbooks PURCHASE BOOKS"
        }
    ],
    "ASYR": [
        {
            "class_code": "ASYR 1000",
            "class_body": "ASYR 1000 Section S01, CRN 18260 Introduction to Akkadian Fall 2024 Maximum Enrollment: 15 / Seats Avail: 11 Last Updated 5/3/2024, 3:06:24 PM Course Description An intensive introduction to the cuneiform writing system and the basic grammar and vocabulary of Akkadian, a language first attested over four thousand years ago in Mesopotamia (modern Iraq). The earliest known member of the Semitic family of languages (like Arabic and Hebrew), Akkadian was in use for over two thousand years across a wide expanse of the ancient Near East. Students will learn the classical Old Babylonian dialect of Akkadian (ca. 1800 BCE) and read Mesopotamian texts in the original, including selections from the Laws of Hammurabi, as well as excerpts from myths, hymns, prayers, historical documents, and letters. Course Resources The Critical Review for ASYR 1000 Final Exam If an exam is scheduled for the final exam period, it will be held: Exam Date: 20-DEC-2024  Exam Time: 09:00:00 AM  Exam Group: 14 Schedule and Location MWF 10am-10:50am Location TBD Instructors TBD Registration Demographics Current enrollment: 4 All Sections Section # CRN Meets Instructor S01 18260 MWF 10-10:50a TBD VIEW CALENDAR Students Who Took This Course Also Took... ASYR 2990 Thesis Preparation EGYT 2990 Thesis Preparation ARCH 2982 Individual Reading for Dissertation RELS 2910 Independent Research SEE ALL Textbooks PURCHASE BOOKS"
        }
    ],
    "COLT": [
        {
            "class_code": "COLT 1431J",
            "class_body": "COLT 1431J Section S01, CRN 18843 Anti Poetry Fall 2024 Last Updated 5/3/2024, 3:06:24 PM Course Description Hating on poetry is a time-honored tradition. From Plato to the Dadaists, thinkers and writers across the world have questioned the reigning poetics, or the value of poetry altogether. This course examines a range of theoretical arguments about the value and nature of poetry from the premodern period to the present. At the same time, we will closely read materials from literary projects that have explored the permissible limits of the poetic, defined themselves against poetry, or have been accused of failing to meet the standards of poetry. Focusing on case studies like the Latin American anti-poetry movement, the Arabic prose poem and the work of the LANGUAGE poets, we will familiarize ourselves with debates in lyric theory and a variety of poetic traditions. Course Resources The Critical Review for COLT 1431J Final Exam If an exam is scheduled for the final exam period, it will be held: Exam Date: 20-DEC-2024  Exam Time: 09:00:00 AM  Exam Group: 14 Schedule and Location MWF 10am-10:50am Location TBD Instructors Maru Pabon maria_pabon@brown.edu Registration Demographics Current enrollment: 21 33.33% - Sophomore 47.62% - Senior 19.05% - Other All Sections Section # CRN Meets Instructor S01 18843 MWF 10-10:50a M. Pabon VIEW CALENDAR Textbooks PURCHASE BOOKS"
        }
    ],
    "FREN": [
        {
            "class_code": "FREN 1710J",
            "class_body": "FREN 1710J Section S01, CRN 18061 Geopolitics and Identity Divides in the Middle East Fall 2024 Last Updated 5/3/2024, 3:06:24 PM Course Description In this course, we will explore Near Eastern Francophone literature through a period of civil wars and societal fractures, focusing on major themes that haunted modern Levantine authors, including history, \u201cPh\u00e9nicianisme\u201d versus Arabism, identity versus alterity, nationalist feminism, sectarianism, and universalism. Readings will cover literary productions from 1919 until 1998 and will be supplemented with contextualization articles in French and English. Taught in French. Prerequisite: a course at the 0600- or 0700-level or equivalent proficiency. Contact the instructor to verify your proficiency if you have not taken French at Brown. Curricular Programs Writing - Designated Courses (WRIT) Course Resources The Critical Review for FREN 1710J Final Exam If an exam is scheduled for the final exam period, it will be held: Exam Date: 17-DEC-2024  Exam Time: 02:00:00 PM  Exam Group: 08 Schedule and Location MWF 1pm-1:50pm Location TBD Instructors Maan Alsahoui maan_alsahoui@brown.edu Registration Demographics Current enrollment: 8 All Sections Section # CRN Meets Instructor S01 18061 MWF 1-1:50p M. Alsahoui VIEW CALENDAR Students Who Took This Course Also Took... CHEM 0330 Equilibrium, Rate, and Structure ECON 0110 Principles of Economics COLT 1210 Introduction to the Theory of Literature SEE ALL Textbooks PURCHASE BOOKS"
        }
    ],
    "GNSS": [
        {
            "class_code": "GNSS 2010R",
            "class_body": "GNSS 2010R Section S01, CRN 18134 Pembroke Research Seminar - Unwriting the Anthropocene: A Call to Experiment Fall 2024 Maximum Enrollment: 8 / Seats Avail: 8 Last Updated 5/3/2024, 3:06:24 PM Registration Notes Instructor override required Instructor override required Course Description This seminar experiments with form to think about writing and poetics as modes of embodied experience. What are the ways to trace the presences and absences of the colonial Anthropocene? How do we write, visualize, engage with the disappeared and extinct, but also the processes of metamorphosis, metabolics, desire, and queer and trans ecologies that are entangled with anthropogenic crisis? How do the elements of environmental writing underscore the means by which to enliven forms of care, repair, and belonging towards a post-extractive world? We attend to Indigenous, Africana, Latinx, Asian, Arab, and Global South perspectives, modes of narration, visuality and experimentation asking throughout how gender and sexuality shift what we know and how we write about it. Through refining our literary and visual arts, frequencies, and embodied engagements, we address collective practices that erode and unwrite the Anthropocene. Registration Restrictions Enrollment is limited to Graduate level students. Course Resources The Critical Review for GNSS 2010R Schedule and Location W 10am-12:30pm Location TBD Instructors Macarena Gomez-Barris macarena_gomez-barris@brown.edu All Sections Section # CRN Meets Instructor S01 18134 W 10a-12:30p M. Gomez-Barris VIEW CALENDAR Textbooks PURCHASE BOOKS"
        }
    ],
    "HNDI": [
        {
            "class_code": "HNDI 0300",
            "class_body": "HNDI 0300 Section S01, CRN 16643 Intermediate Hindi-Urdu Fall 2024 Last Updated 5/3/2024, 3:06:24 PM Course Description A continuation of HNDI 0100-0200, which is a prerequisite. Introduces the variation of the Arabic script used for Urdu. Prepares students to communicate in written and spoken language. Activities are conducted in Hindi/Urdu. Meets four hours weekly. Registration Restrictions Prerequisite: HNDI 0200. Class Notes Students will meet one additional hour to be determined in consultation with students and instructor. Curricular Programs First Half of Year Course (YC01) Course Resources The Critical Review for HNDI 0300 Final Exam If an exam is scheduled for the final exam period, it will be held: Exam Date: 17-DEC-2024  Exam Time: 02:00:00 PM  Exam Group: 08 Schedule and Location MWF 1pm-1:50pm Location TBD Instructors Ashok Koul ashok_koul@brown.edu Registration Demographics Current enrollment: 4 All Sections Section # CRN Meets Instructor S01 16643 MWF 1-1:50p A. Koul VIEW CALENDAR Students Who Took This Course Also Took... CHEM 0330 Equilibrium, Rate, and Structure HNDI 0100 Beginning Hindi or Urdu PHYS 0030 Basic Physics A BIOL 0470 Genetics SEE ALL Textbooks PURCHASE BOOKS"
        }
    ],
    "TKSH": [
        {
            "class_code": "TKSH 1100",
            "class_body": "TKSH 1100 Section S01, CRN 16750 Introductory Ottoman Turkish I Fall 2024 Last Updated 5/3/2024, 3:06:24 PM Course Description This course is open to both graduate and undergraduate students. This introductory course aims to develop learners\u2019 Ottoman Turkish reading and understanding skills written in the Ottoman Turkish (Arabo-Persian) alphabet. Students will practice reading Ottoman Turkish starting with simple separate words, and they will gradually move to studying longer texts. Simultaneously, students will review the main grammatical features of Ottoman Turkish including simple Arabic and Persian grammatical elements in the texts. Students will also practice how to solve problems encountered in the texts with use of dictionaries. In this introductory course students will mainly study the printed Ottoman Turkish texts published after the Second Constitutional Era (1908), and then they will be introduced to the texts of the \u2018New Ottoman Turkish\u2019 era (1839-1908). Minimum B2 level of Turkish is required for this class. Please email me if you have any questions about your Turkish language level. Course Resources The Critical Review for TKSH 1100 Final Exam If an exam is scheduled for the final exam period, it will be held: Exam Date: 20-DEC-2024  Exam Time: 09:00:00 AM  Exam Group: 14 Schedule and Location MWF 10am-10:50am Location TBD Instructors Esra Ozdemir esra_ozdemir1@brown.edu All Sections Section # CRN Meets Instructor S01 16750 MWF 10-10:50a E. Ozdemir VIEW CALENDAR Students Who Took This Course Also Took... CLAS 2990 Thesis Preparation MUSC 0810 Applied Music Program: Voice MUSC 0810 Applied Music Program: Keyboard MUSC 0810 Applied Music Program: Strings SEE ALL Textbooks PURCHASE BOOKS"
        }
    ]
}