{
    "PHYS": [
        {
            "class_code": "PHYS 0040",
            "class_body": "PHYS 0040 Basic Physics B Fall 2024 Last Updated 5/3/2024, 3:06:24 PM Course Description Survey of electricity, magnetism, optics, and modern physics for concentrators in sciences other than physics-including premedical students or students without prior exposure to physics who require a less rigorous course than PHYS 0050, 0060. Lectures, conferences, and laboratory. Course Resources The Critical Review for PHYS 0040 Instructors TBD All Sections Section # CRN Meets Instructor S01 10023 MWF 12-12:50p TBD L01 17390 T 12:30-2:20p TBD L02 17391 W 9-10:20a TBD This section is full L03 17392 W 1-2:50p TBD VIEW CALENDAR Students Who Took This Course Also Took... CHEM 0330 Equilibrium, Rate, and Structure CHEM 0360 Organic Chemistry II PHYS 0030 Basic Physics A NEUR 1630 Big Data Neuroscience Ideas Lab SEE ALL"
        }
    ],
    "SOC": [
        {
            "class_code": "SOC 2260G",
            "class_body": "SOC 2260G Section S01, CRN 17916 The Souls of Sociology: W.E.B Du Bois and Critical Sociologies of Race Fall 2024 Maximum Enrollment: 16 / Seats Avail: 13 Last Updated 5/3/2024, 3:06:24 PM Course Description This course investigates Du Bois\u2019 empirical and theoretical sociological work and its implications for contemporary sociology. W.E.B Du Bois is recognized as a pioneer of sociology of race, but his work is seldom explored. The first part of this course we discuss in-depth Du Bois work to construct the bases for a Du Boisian sociology. The second part we will read contemporary theories of race through the lens of Du Bois\u2019 work. The final section we will read contemporary empirical works in the field of race and ethnicity, reflect how we would conduct them differently from a Du Boisian perspective. Registration Restrictions Enrollment is limited to Graduate level students. Course Resources The Critical Review for SOC 2260G Schedule and Location W 9am-12pm Location TBD Instructors Jose Itzigsohn jose_itzigsohn@brown.edu Registration Demographics Current enrollment: 3 All Sections Section # CRN Meets Instructor S01 17916 W 9a-12p J. Itzigsohn VIEW CALENDAR Students Who Took This Course Also Took... SOC 2990 Dissertation Preparation SOC 2980 Reading and Research SOC 2040 Classical Sociological Theory SOC 2010 Multivariate Statistical Methods I SEE ALL Textbooks PURCHASE BOOKS"
        },
        {
            "class_code": "SOC 1010",
            "class_body": "SOC 1010 Section S01, CRN 17898 Classical Sociological Theory Fall 2024 Last Updated 5/3/2024, 3:06:24 PM Course Description How is modern society organized? What holds society together and what drives social change? Why is there such a large gap between the \"modern\" ideal of formal equality and the reality of factual inequality? Why do differences of class, race and gender persist? What is power and who has it? These questions have motivated generations of sociologists, but many of the arguments continue to be informed by the foundational classical theorists: Karl Marx, Max Weber, Emile Durkheim and W.E.B Du Bois. Looking at the transformations around them \u2013 the rise of capitalism, the modern nation-state, rational bureaucracy, the spread of colonialism, the decline of religion, struggles for emancipation and much more \u2013 they developed arguments that allow us to better understand ourselves, our actions, and the contemporary political, economic and social transformations around us. We explore the defining contributions of these theorists and link them to current debates and theories on systemic racism, gender/sex struggles, global inequalities, social movements and democracy. Curricular Programs Writing - Designated Courses (WRIT) Course Resources The Critical Review for SOC 1010 Final Exam If an exam is scheduled for the final exam period, it will be held: Exam Date: 19-DEC-2024  Exam Time: 09:00:00 AM  Exam Group: 13 Schedule and Location TTh 10:30am-11:50am Location TBD Instructors Andrew Schrank andrew_schrank@brown.edu Registration Demographics Current enrollment: 52 63.46% - Sophomore 23.08% - Junior 7.69% - Senior 5.77% - Other All Sections Section # CRN Meets Instructor S01 17898 TTh 10:30-11:50a A. Schrank VIEW CALENDAR Students Who Took This Course Also Took... SOC 1980 Senior Honors Thesis SOC 1970 Individual Research Project ECON 0110 Principles of Economics CHEM 0330 Equilibrium, Rate, and Structure SEE ALL Textbooks PURCHASE BOOKS"
        },
        {
            "class_code": "SOC 1340",
            "class_body": "SOC 1340 Section S01, CRN 17905 Principles and Methods of Geographic Information Systems Fall 2024 Maximum Enrollment: 16 / Seats Avail: 0 Last Updated 5/3/2024, 3:06:24 PM Registration Notes This section is full This section is full Course Description An introduction to the fundamental principles and methods of geographic information systems (GIS). Topics include (a) handling different types of geographic datasets, (b) geo-analytical and modeling tools in GIS, (c) conceptual and theoretical aspects of GIS application development, and (d) errors and uncertainty analysis of GIS applications. Laboratory assignments and the project work provide hands on experiences in GIS. Enrollment limited to 42 juniors and seniors. Registration Restrictions Enrollment limited to students with a semester level of 05, 06, 07, 08, 09, 10, 11, 12 or 13. Course Resources The Critical Review for SOC 1340 Final Exam If an exam is scheduled for the final exam period, it will be held: Exam Date: 20-DEC-2024  Exam Time: 09:00:00 AM  Exam Group: 14 Schedule and Location MWF 10am-10:50am Location TBD Instructors Kevin Mwenda kevin_mwenda@brown.edu Registration Demographics Current enrollment: 16 81.25% - Senior 18.75% - Other All Sections Section # CRN Meets Instructor S01 17905 MWF 10-10:50a K. Mwenda VIEW CALENDAR Students Who Took This Course Also Took... ECON 0110 Principles of Economics SOC 1100 Introductory Statistics for Social Research URBN 1870D Downtown Development MATH 0090 Single Variable Calculus, Part I SEE ALL Textbooks PURCHASE BOOKS"
        },
        {
            "class_code": "SOC 1872V",
            "class_body": "SOC 1872V Section S01, CRN 18224 Race and Wrongful Conviction in the United States Fall 2024 Last Updated 5/3/2024, 3:06:24 PM Registration Notes Instructor override required Instructor override required Course Description This class examines the racial origins of wrongful conviction in the U.S. criminal justice system. We examine how wrongful conviction is created through both formal laws as well as social norms of practice that obscure how racial bias infiltrates seemingly race-neutral areas of due process. While legal scholars and lawyers examine wrongful conviction as a type of \u201cmisfire\u201d in an otherwise functioning criminal justice system, this course considers how wrongful conviction is type of social system within the mainstay of the criminal justice system, at large. In the tradition of W.E.B. Du Bois, we examine how racism is the engine of this social system that is best referred to as \u201cmass wrongful conviction.\u201d Registration Restrictions Enrollment limited to students with a semester level of 05, 06, 07, 08, 09, 11 or 12. Enrollment limited to students in the Social Analysis and Research (SCB) or Sociology (AB) programs. Course Resources The Critical Review for SOC 1872V Final Exam If an exam is scheduled for the final exam period, it will be held: Exam Date: 14-DEC-2024  Exam Time: 02:00:00 PM  Exam Group: 12 Schedule and Location TTh 2:30pm-3:50pm Location TBD Instructors Nicole Gonzalez Van Cleve nvancleve@brown.edu Registration Demographics Current enrollment: 5 All Sections Section # CRN Meets Instructor S01 18224 TTh 2:30-3:50p N. Gonzalez Van Cleve VIEW CALENDAR Textbooks PURCHASE BOOKS"
        }
    ],
    "AFRI": [
        {
            "class_code": "AFRI 1060D",
            "class_body": "AFRI 1060D Section S01, CRN 18770 The Harlem Renaissance: Art, Literature, and Classic Women Blues Fall 2024 Maximum Enrollment: 25 / Seats Avail: 10 Last Updated 5/3/2024, 3:06:24 PM Course Description In this undergraduate course, we will focus on the Harlem Renaissance, also known as the New Negro Movement, the important African American artistic and socio-cultural moment that dates roughly from 1919-1934. Organized as an interdisciplinary course, we will examine the historical context of the period; the literature including novels by Jean Toomer and Nella Larsen; the art including the painting of Aaron Douglas, the sculpture of Richmond Barth\u00e9, and the photography of James Van Der Zee; and classic female blues with a focus on the music and lyrics of Gertrude \u201cMa\u201d Rainey and Bessie Smith. We will also read a range of writers from the period including Marita O. Bonner, W. E. B. Du Bois, Marcus Garvey, Langston Hughes, Zora Neale Hurston, Alain Locke, Elise Johnson McDougald, and George S. Schuyler. Curricular Programs Race, Power, and Privilege (RPP) Course Resources The Critical Review for AFRI 1060D Final Exam If an exam is scheduled for the final exam period, it will be held: Exam Date: 15-DEC-2024  Exam Time: 02:00:00 PM  Exam Group: 07 Schedule and Location T 4pm-6:30pm Location TBD Instructors Renee Ater renee_ater@brown.edu Registration Demographics Current enrollment: 15 46.67% - Sophomore 53.33% - Other All Sections Section # CRN Meets Instructor S01 18770 T 4-6:30p R. Ater VIEW CALENDAR Textbooks PURCHASE BOOKS"
        }
    ],
    "AMST": [
        {
            "class_code": "AMST 0170E",
            "class_body": "AMST 0170E Section S01, CRN 16859 Black to the Future: Race as Science Fiction Fall 2024 Maximum Enrollment: 20 / Seats Avail: 6 Last Updated 5/3/2024, 3:06:24 PM Course Description Charting an interdisciplinary path, this course will teach students literary and visual analysis through fiction, film, comics, and graphic novels to explore debates in the 20th and 21st century around how to read blackness. What is the relationship between the history of African Americans and the speculative genre? What tools does it afford African American writers and artists that other genres of fiction do not? How does Black science fiction in both literary and visual form, teach us how to see and read blackness otherwise? Key artists include George Schuyler, W.E.B. DuBois, N.K. Jemison, Janelle Monae, Octavia Butler, among others. Registration Restrictions Enrollment limited to students with a semester level of 03 or 04. Enrollment is limited to Undergraduate level students. Curricular Programs Race, Power, and Privilege (RPP) Writing - Designated Courses (WRIT) Course Resources The Critical Review for AMST 0170E Final Exam If an exam is scheduled for the final exam period, it will be held: Exam Date: 19-DEC-2024  Exam Time: 09:00:00 AM  Exam Group: 13 Schedule and Location TTh 10:30am-11:50am Location TBD Instructors Kiana Murphy kiana_murphy@brown.edu Registration Demographics Current enrollment: 14 All Sections Section # CRN Meets Instructor S01 16859 TTh 10:30-11:50a K. Murphy VIEW CALENDAR Students Who Took This Course Also Took... CHEM 0330 Equilibrium, Rate, and Structure MCM 0150 Text/Media/Culture: Theories of Modern Culture and Media SEE ALL Textbooks PURCHASE BOOKS"
        }
    ],
    "BIOL": [
        {
            "class_code": "BIOL 1100",
            "class_body": "BIOL 1100 Section S01, CRN 18963 Cell Physiology and Biophysics Fall 2024 Maximum Enrollment: 40 / Seats Avail: 26 Last Updated 5/3/2024, 3:06:24 PM Registration Notes Instructor override required Instructor override required Course Description Current topics in cell physiology, with an emphasis on membrane-mediated interactions between cells and their environment. Topics may include: ion channel structure, function and regulation; intracellular regulatory molecules; mechanisms of sensory transduction; membrane receptors and second messenger systems; vesicle secretion; and cytoskeletal regulation of cell function. Lectures, discussion, and student presentations of the current literature. Expected: BIOL 0800 or NEUR 0010. Instructor permission required. Enrollment limited to 30, and admission is based on seniority -- graduate students, seniors, then juniors. (Not for first and second-year undergraduates.) Students must request an override code through C@B. Class Notes Students must request an override code through C@B and should refer to Canvas for updated information about override codes and/or waiting lists. Seeking guidance from another student about this or other classes, reach out to our peer advisors at https://bue.brown.edu/advising-declarations/peer-advising Course Resources The Critical Review for BIOL 1100 Final Exam If an exam is scheduled for the final exam period, it will be held: Exam Date: 16-DEC-2024  Exam Time: 02:00:00 PM  Exam Group: 03 Schedule and Location M 3pm-5:30pm Location TBD Instructors Diana Horrigan diana_horrigan@brown.edu Anita Zimmerman anita_zimmerman@brown.edu Registration Demographics Current enrollment: 14 All Sections Section # CRN Meets Instructor S01 18963 M 3-5:30p Horrigan/Zimmerman VIEW CALENDAR Students Who Took This Course Also Took... CHEM 0360 Organic Chemistry II CHEM 0330 Equilibrium, Rate, and Structure PHYS 0030 Basic Physics A BIOL 2980 Graduate Independent Study SEE ALL Textbooks PURCHASE BOOKS"
        },
        {
            "class_code": "BIOL 2250",
            "class_body": "BIOL 2250 Section S01, CRN 10281 Survey of Modern Therapeutics Fall 2024 Maximum Enrollment: 20 / Seats Avail: 17 Last Updated 5/3/2024, 3:06:24 PM Registration Notes Instructor override required Instructor override required Course Description Survey of Modern Therapeutics examines the process of drug discovery, development, and approval from target selection to commercialization. The course will provide students with a broad overview of central background concepts in drug development including cellular physiology, target-drug interactions, and pharmacokinetics/pharmacodynamics. The course will examine the preclinical stages of the traditional small molecule drug discovery process, from initial target identification and validation, through assay development, high throughput screening, hit identification, lead optimization and the selection of a candidate drug. The course will also go through the process of bringing a therapeutic into clinical trials, through FDA approval, and to the market. Students will study some of the modern approaches in therapeutics including small molecules, biologics, vaccines, anti-infectives, and cell therapies and their applications. There are no prerequisites, but a background in biology, chemistry, or a related field is strongly encouraged. Students must request an override code through C@B. Registration Restrictions Enrollment is limited to Graduate level students. Course Resources The Critical Review for BIOL 2250 Final Exam If an exam is scheduled for the final exam period, it will be held: Exam Date: 16-DEC-2024  Exam Time: 09:00:00 AM  Exam Group: 05 Schedule and Location TTh 9am-10:20am Location TBD Instructors Diana Horrigan diana_horrigan@brown.edu Registration Demographics Current enrollment: 3 All Sections Section # CRN Meets Instructor S01 10281 TTh 9-10:20a D. Horrigan VIEW CALENDAR Textbooks PURCHASE BOOKS"
        }
    ],
    "CHEM": [
        {
            "class_code": "CHEM 0360",
            "class_body": "CHEM 0360 Organic Chemistry II Fall 2024 Last Updated 5/3/2024, 3:06:24 PM Course Description Sequel to CHEM 0350. Investigates the constitution and properties of organic compounds at a fundamental level with an introduction to physical organic, bioorganic, and synthetic organic chemistry. Laboratory work is concerned with the identification and characterization of organic compounds, including modern instrumental methods. Prerequisite: CHEM 0350. Students must register for a lecture section and a lab. If you previously passed CHEM 0360 laboratory you may be excused from repeating the lab portion of the course, please register for lab section 11. Registration Restrictions Prerequisite: CHEM 0350. Course Resources The Critical Review for CHEM 0360 All Sections Section # CRN Meets Instructor S01 17718 MWF 9-9:50a M. Zimmt S02 17720 TTh 9-10:20a A. Basu VIEW CALENDAR Students Who Took This Course Also Took... CHEM 0360L Organic Chemistry II Lab CHEM 0980S Undergraduate Research - Writing Designated and Mandatory S/NC BIOL 1650 Structure of the Nervous System BIOL 1300 Biomolecular Interactions: Health, Disease and Drug Design SEE ALL"
        }
    ],
    "CSCI": [
        {
            "class_code": "CSCI 0320",
            "class_body": "CSCI 0320 Section S01, CRN 18090 Introduction to Software Engineering Fall 2024 Maximum Enrollment: 147 / Seats Avail: 0 Last Updated 5/3/2024, 3:06:24 PM Registration Notes This section is full This section is full Course Description Focuses on designing, building, testing, and maintaining systems collaboratively. It covers programming techniques (using Java and TypeScript with various frameworks), object-oriented design, advanced testing (e.g., fuzz testing), debugging approaches, and tools such as source control systems. The course concludes with a major group project that students gather requirements for, then design and implement themselves. Prerequisite: CSCI 0160, 0180, CSCI 0190 or CSCI 0200; CSCI 0220 is recommended. Registration Restrictions Prerequisites: CSCI 0160, 0180, 0190 or 0200. Class Notes This course is using a centralized override-request form for the CS department. All requests for overrides should be sent through that form. Override requests placed directly in C@B will be ignored. The form (and explanation of how it works) is available at https://cs.brown.edu/courses/enrolling/. Course Resources The Critical Review for CSCI 0320 Final Exam If an exam is scheduled for the final exam period, it will be held: Exam Date: 17-DEC-2024  Exam Time: 09:00:00 AM  Exam Group: 06 Schedule and Location TTh 1pm-2:20pm Location TBD Instructors Tim Nelson timothy_nelson@brown.edu Registration Demographics Current enrollment: 147 48.98% - Sophomore 46.26% - Junior 4.08% - Senior 0.68% - Other All Sections Section # CRN Meets Instructor S01 18090 TTh 1-2:20p T. Nelson S02 18164 ONLINE T. Nelson C01 18093 F 9-11a T. Nelson C02 18094 Th 4-6p T. Nelson C03 18095 Th 6-8p T. Nelson C04 18096 Th 7-9p T. Nelson C05 18097 F 2:30-4:30p T. Nelson C06 18098 F 1-3p T. Nelson VIEW CALENDAR Students Who Took This Course Also Took... MATH 0520 Linear Algebra CSCI 0330 Introduction to Computer Systems CSCI 1234 Computer Graphics Lab APMA 1650 Statistical Inference I SEE ALL Textbooks PURCHASE BOOKS"
        },
        {
            "class_code": "CSCI 0330",
            "class_body": "CSCI 0330 Introduction to Computer Systems Fall 2024 Last Updated 5/3/2024, 3:06:24 PM Course Description High-level computer architecture and systems programming. The course covers the organization of computer systems (in terms of storage units, caches, processors, and I/O controllers) and teaches students assembly-language programming and C-language programming. Extensive programming exercises introduce students to systems-level programming on Unix systems, as well as to multi-threaded programming with POSIX threads. Students will be introduced to the functions of operating systems. Prerequisite: CSCI 0160, 0180, 0190, or 0200. Registration Restrictions Prerequisites: CSCI 0160, 0180, 0190 or 0200. Class Notes This course is using a centralized override-request form for the CS department. All requests for overrides should be sent through that form. Override requests placed directly in C@B will be ignored. The form (and explanation of how it works) is available at https://cs.brown.edu/courses/enrolling/. Course Resources The Critical Review for CSCI 0330 Instructors Thomas Doeppner thomas_doeppner_jr@brown.edu Nicholas DeMarinis nicholas_demarinis@brown.edu All Sections Section # CRN Meets Instructor S01 18099 MWF 2-2:50p Doeppner/DeMarinis S02 18103 ONLINE Doeppner/DeMarinis VIEW CALENDAR Students Who Took This Course Also Took... CSCI 1950N 2D Game Engines CSCI 1234 Computer Graphics Lab MATH 0520 Linear Algebra APMA 1650 Statistical Inference I SEE ALL"
        },
        {
            "class_code": "CSCI 0410",
            "class_body": "CSCI 0410 Section S01, CRN 19182 Foundations of AI Fall 2024 Maximum Enrollment: 50 / Seats Avail: 0 Last Updated 5/3/2024, 3:06:24 PM Registration Notes This section is full This section is full Course Description This course will provide broad coverage of core topics in artificial intelligence (AI), as a prelude to students taking more in-depth AI courses later on. To this end, the course will introduce students to prevalent AI models, both logical and probabilistic, as well as algorithms to solve these models based on search, planning, reinforcement learning, and supervised and unsupervised machine learning. These ideas will be applied to develop basic natural language processing, computer vision, robotic, and multiagent systems, all with an eye towards building socially responsible AI. Students cannot take this course and 1411 together. This course is using a centralized override-request form for CS department. Add following \"All requests for overrides should be sent through that form. Override requests placed directly in C@B will be ignored. The form (and explanation of how it works) is available at https://cs.brown.edu/courses/enrolling/.\"; Registration Restrictions Prerequisites: CSCI 0200 and (CSCI 0220, APMA 1650, 1655 or CSCI 1410) and (CSCI 0530*, MATH 0520* or 0540*). * May be taken concurrently. Enrollment limited to students with a semester level of 03 or 04. Class Notes This course is using a centralized override-request form for the CS department. All requests for overrides should be sent through that form. Override requests placed directly in C@B will be ignored. The form (and explanation of how it works) is available at https://cs.brown.edu/courses/enrolling/. Course Resources The Critical Review for CSCI 0410 Final Exam If an exam is scheduled for the final exam period, it will be held: Exam Date: 17-DEC-2024  Exam Time: 02:00:00 PM  Exam Group: 08 Schedule and Location MWF 1pm-1:50pm Location TBD Instructors Amy Greenwald amy_greenwald@brown.edu Eric Ewing eric_ewing@brown.edu Registration Demographics Current enrollment: 50 All Sections Section # CRN Meets Instructor S01 19182 MWF 1-1:50p Greenwald/Ewing VIEW CALENDAR Textbooks PURCHASE BOOKS"
        },
        {
            "class_code": "CSCI 1230",
            "class_body": "CSCI 1230 Introduction to Computer Graphics Fall 2024 Last Updated 5/3/2024, 3:06:24 PM Course Description Fundamental concepts in 2D and 3D computer graphics, e.g., 2D raster graphics techniques and simple image processing. Focuses on geometric transformations, and 3D modeling, viewing and rendering. A sequence of assignments in C++ culminates in a simple geometric modeler and ray tracer. Prerequisite: CSCI 0160, CSCI 0180, CSCI 0190, or CSCI 0200. Some knowledge of basic linear algebra is helpful but not required. Strong object-oriented programming ability (e.g., in C++, Java or Python) is required. Registration Restrictions Prerequisites: CSCI 0160, 0180, 0190, 0200 or minimum score of WAIVE in 'Graduate Student PreReq'. Enrollment limited to students in the following programs: Applied Mathematics-Comp Sci (SCB) Computer Science (AB) Computer Science (AM) Computer Science (PHD) Computer Science (SCB) Computer Science (SCM) Computer Science-Economics (AB) Computer Science-Economics (SCB) Cybersecurity (SCM) Mathematics-Computer Science (SCB) Class Notes This course is using a centralized override-request form for the CS department. All requests for overrides should be sent through that form. Override requests placed directly in C@B will be ignored. The form (and explanation of how it works) is available at https://cs.brown.edu/courses/enrolling/. Course Resources The Critical Review for CSCI 1230 Instructors Daniel Ritchie daniel_ritchie@brown.edu All Sections Section # CRN Meets Instructor S01 18106 TTh 10:30-11:50a D. Ritchie S02 18223 ONLINE D. Ritchie VIEW CALENDAR Students Who Took This Course Also Took... CSCI 1234 Computer Graphics Lab CSCI 0330 Introduction to Computer Systems MATH 0520 Linear Algebra APMA 1650 Statistical Inference I SEE ALL"
        },
        {
            "class_code": "CSCI 1234",
            "class_body": "CSCI 1234 Section S01, CRN 19166 Computer Graphics Lab Fall 2024 Last Updated 5/3/2024, 3:06:24 PM Half credit Registration Notes Instructor override required Instructor override required Course Description CSCI 1234 is a half-credit course intended to be taken concurrently with CSCI 1230 and provides students with a greater understanding of the material by having them extend each of 1230's assignments to greater depth. Class Notes This course is using a centralized override-request form for the CS department. All requests for overrides should be sent through that form. Override requests placed directly in C@B will be ignored. The form (and explanation of how it works) is available at https://cs.brown.edu/courses/enrolling/.\" Course Resources The Critical Review for CSCI 1234 Instructors Daniel Ritchie daniel_ritchie@brown.edu All Sections Section # CRN Meets Instructor S01 19166 TBA D. Ritchie VIEW CALENDAR Students Who Took This Course Also Took... CSCI 1230 Introduction to Computer Graphics CSCI 0330 Introduction to Computer Systems ECON 0110 Principles of Economics MATH 0520 Linear Algebra SEE ALL Textbooks PURCHASE BOOKS"
        },
        {
            "class_code": "CSCI 1260",
            "class_body": "CSCI 1260 Compilers and Program Analysis Fall 2024 Last Updated 5/3/2024, 3:06:24 PM Registration Notes Instructor override required Instructor override required Course Description Lexical analysis, syntactic analysis, semantic analysis, code generation, code optimization, translator writing systems. Prerequisites: CSCI 0220, or CSCI 0320, or CSCI 0300, or CSCI 0330, or CSCI 1310, or CSCI 1330. Course Resources The Critical Review for CSCI 1260 For specific section syllabus link you must select an actual section below Instructors Robert Lewis robert_lewis@brown.edu All Sections Section # CRN Meets Instructor Instructor override required S01 18795 MW 3-4:20p R. Lewis Instructor override required S02 18796 ONLINE R. Lewis VIEW CALENDAR Students Who Took This Course Also Took... CSCI 2980 Reading and Research CSCI 1650 Software Security and Exploitation SEE ALL"
        },
        {
            "class_code": "CSCI 1270",
            "class_body": "CSCI 1270 Database Management Systems Fall 2024 Last Updated 5/3/2024, 3:06:24 PM Registration Notes Instructor override required Instructor override required Course Description Introduction to database systems internals, design and implementation. Includes data models and structures, languages, query processing and optimization, concurrency control and recovery algorithms. Coverage of relational distributed and parallel databases as well as noSQL big data systems. Prerequisites: One of CSCI 0300, 0330 (or equivalent coursework). Registration Restrictions Prerequisites: CSCI 0330, 0300, 1310 or minimum score of WAIVE in 'Graduate Student PreReq'. Class Notes This course is using a centralized override-request form for the CS department. All requests for overrides should be sent through that form. Override requests placed directly in C@B will be ignored. The form (and explanation of how it works) is available at https://cs.brown.edu/courses/enrolling/. Course Resources The Critical Review for CSCI 1270 Instructors Ugur Cetintemel ugur_cetintemel@brown.edu All Sections Section # CRN Meets Instructor S01 18107 TTh 1-2:20p U. Cetintemel S02 18109 ONLINE U. Cetintemel VIEW CALENDAR Students Who Took This Course Also Took... CSCI 1330 Computer Systems CSCI 0330 Introduction to Computer Systems APMA 1650 Statistical Inference I MATH 0520 Linear Algebra SEE ALL"
        },
        {
            "class_code": "CSCI 1330",
            "class_body": "CSCI 1330 Computer Systems Fall 2024 Maximum Enrollment: 10 / Seats Avail: 10 Last Updated 5/3/2024, 3:06:24 PM Registration Notes Instructor override required Instructor override required Course Description High-level computer architecture and systems programming. The course covers the organization of computer systems (in terms of storage units, caches, processors, and I/O controllers) and teaches students assembly-language programming and C-language programming. Extensive programming exercises introduce students to systems-level programming on Linux systems, as well as to multi-threaded programming with POSIX threads. Students will be introduced to the functions of operating systems. Enrollment limited to Master's students only. Registration Restrictions Enrollment limited to students in the following programs: Computer Science (AM) Computer Science (PHD) Computer Science (Prof) (SCM) Computer Science (SCM) Cybersecurity (SCM) Class Notes This course is using a centralized override-request form for the CS department. All requests for overrides should be sent through that form. Override requests placed directly in C@B will be ignored. The form (and explanation of how it works) is available at https://cs.brown.edu/courses/enrolling/. Course Resources The Critical Review for CSCI 1330 All Sections Section # CRN Meets Instructor S01 18111 MWF 2-2:50p Doeppner/DeMarinis S02 19184 ONLINE T. Doeppner VIEW CALENDAR Students Who Took This Course Also Took... CSCI 1270 Database Management Systems CSCI 2470 Deep Learning CSCI 1430 Computer Vision CSCI 2390 Privacy-Conscious Computer Systems SEE ALL"
        },
        {
            "class_code": "CSCI 1340",
            "class_body": "CSCI 1340 Section S01, CRN 18813 Introduction to Software Engineering Fall 2024 Maximum Enrollment: 3 / Seats Avail: 2 Last Updated 5/3/2024, 3:06:24 PM Course Description CSCI 1340 focuses on designing, building, testing, and maintaining systems collaboratively. It covers programming techniques (using Java and TypeScript with various frameworks), object-oriented design, advanced testing (e.g., fuzz testing), debugging approaches, and tools such as source control systems. The course concludes with a major group project that students gather requirements for, then design and implement themselves. Note: CSCI 1340 is for Master\u2019s students only (they may not register for CSCI 0320). It is identical to 0320 but with the addition of supplemental work for each sprint. Prerequisite: CSCI 0160, CSCI 0180, CSCI 0190 or CSCI 0200; CSCI 0220 is recommended. Registration Restrictions Enrollment is limited to Graduate level students. Class Notes This course is using a centralized override-request form for the CS department. All requests for overrides should be sent through that form. Override requests placed directly in C@B will be ignored. The form (and explanation of how it works) is available at https://cs.brown.edu/courses/enrolling/.\" Course Resources The Critical Review for CSCI 1340 Final Exam If an exam is scheduled for the final exam period, it will be held: Exam Date: 17-DEC-2024  Exam Time: 09:00:00 AM  Exam Group: 06 Schedule and Location TTh 1pm-2:20pm Location TBD Instructors Tim Nelson timothy_nelson@brown.edu Registration Demographics Current enrollment: 1 All Sections Section # CRN Meets Instructor S01 18813 TTh 1-2:20p T. Nelson S02 18814 ONLINE T. Nelson VIEW CALENDAR Textbooks PURCHASE BOOKS"
        },
        {
            "class_code": "CSCI 1360",
            "class_body": "CSCI 1360 Section S01, CRN 18174 Human Factors in Cybersecurity Fall 2024 Maximum Enrollment: 5 / Seats Avail: -4 Last Updated 5/3/2024, 3:06:24 PM Registration Notes This section is full This section is full Course Description This course is designed to push you to think about cybersecurity as an idea with both physical and virtual elements. Throughout the course, we will examine the value of information, the importance of users, and the difficult balance between security and usability. The ultimate goal of this course is to give you the intellectual and scientific framework you need to create systems that are both secure and efficient to use. The course focuses on usable security practices, but also looks deeply at the way our society influences security. Class Notes This course is using a centralized override-request form for the CS department. All requests for overrides should be sent through that form. Override requests placed directly in C@B will be ignored. The form (and explanation of how it works) is available at https://cs.brown.edu/courses/enrolling/. Curricular Programs Accessible to Remote Students (REM) Course Resources The Critical Review for CSCI 1360 Final Exam If an exam is scheduled for the final exam period, it will be held: Exam Date: 18-DEC-2024  Exam Time: 02:00:00 PM  Exam Group: 10 Schedule and Location W 3pm-5:30pm Location TBD Instructors Ernesto Zaldivar ernesto_zaldivar@brown.edu Registration Demographics Current enrollment: 9 55.56% - Senior 44.44% - Other All Sections Section # CRN Meets Instructor S01 18174 W 3-5:30p E. Zaldivar S02 18175 ONLINE E. Zaldivar VIEW CALENDAR Students Who Took This Course Also Took... CSCI 1860 Cybersecurity Law and Policy CSCI 2002 Privacy and Personal Data Protection MATH 0520 Linear Algebra MATH 0100 Single Variable Calculus, Part II SEE ALL Textbooks PURCHASE BOOKS"
        },
        {
            "class_code": "CSCI 1411",
            "class_body": "CSCI 1411 Section S01, CRN 19183 Foundations in AI Fall 2024 Maximum Enrollment: 60 / Seats Avail: 44 Last Updated 5/3/2024, 3:06:24 PM Registration Notes Instructor override required Instructor override required Course Description This course will provide broad coverage of core topics in artificial intelligence (AI), as a prelude to students taking more in-depth AI courses later on. To this end, the course will introduce students to prevalent AI models, both logical and probabilistic, as well as algorithms to solve these models based on search, planning, reinforcement learning, and supervised and unsupervised machine learning. These ideas will be applied to develop basic natural language processing, computer vision, robotic, and multiagent systems, all with an eye towards building socially responsible AI. This course cannot be taken at the same time as 410. This course is using a centralized override-request for CS department. \"All requests for overrides should be sent through that form. Override requests placed directly in C@B will be ignored. The form (and explanation of how it works) is available at https://cs.brown.edu/courses/enrolling/.\"; Registration Restrictions Prerequisites: CSCI 0200 and (CSCI 0220, APMA 1650, 1655 or CSCI 1410) and (CSCI 0530*, MATH 0520* or 0540*) or minimum score of WAIVE in 'Graduate Student PreReq'. * May be taken concurrently. Enrollment limited to students in the following programs: Applied Mathematics-Comp Sci (SCB) Computer Science (AB) Computer Science (AM) Computer Science (PHD) Computer Science (SCB) Computer Science (SCM) Computer Science-Economics (AB) Computer Science-Economics (SCB) Cybersecurity (SCM) Mathematics-Computer Science (SCB) Class Notes This course is using a centralized override-request form for the CS department. All requests for overrides should be sent through that form. Override requests placed directly in C@B will be ignored. The form (and explanation of how it works) is available at https://cs.brown.edu/courses/enrolling/. Course Resources The Critical Review for CSCI 1411 Final Exam If an exam is scheduled for the final exam period, it will be held: Exam Date: 17-DEC-2024  Exam Time: 02:00:00 PM  Exam Group: 08 Schedule and Location MWF 1pm-1:50pm Location TBD Instructors Amy Greenwald amy_greenwald@brown.edu Eric Ewing eric_ewing@brown.edu Registration Demographics Current enrollment: 16 62.50% - Senior 37.50% - Other All Sections Section # CRN Meets Instructor S01 19183 MWF 1-1:50p Greenwald/Ewing VIEW CALENDAR Textbooks PURCHASE BOOKS"
        },
        {
            "class_code": "CSCI 1430",
            "class_body": "CSCI 1430 Section S01, CRN 18540 Computer Vision Fall 2024 Maximum Enrollment: 76 / Seats Avail: 76 Last Updated 5/3/2024, 3:06:24 PM Registration Notes Instructor override required Instructor override required Course Description How can we program computers to understand the visual world? This course treats vision as inference from noisy and uncertain data and emphasizes probabilistic and statistical approaches. Topics may include perception of 3D scene structure from stereo, motion, and shading; segmentation and grouping; texture analysis; learning, object recognition; tracking and motion estimation. Strongly recommended: basic linear algebra, calculus, and probability. Registration Restrictions Prerequisites: (CSCI 0160, 0180, 0190 or 0200) and (MATH 0520, 0540, 0530 or CSCI 0530) or minimum score of WAIVE in 'Graduate Student PreReq'. Enrollment limited to students in the following programs: Applied Mathematics-Comp Sci (SCB) Computer Science (AB) Computer Science (AM) Computer Science (PHD) Computer Science (SCB) Computer Science (SCM) Computer Science-Economics (AB) Computer Science-Economics (SCB) Cybersecurity (SCM) Mathematics-Computer Science (SCB) Class Notes This course is using a centralized override-request form for the CS department. All requests for overrides should be sent through that form. Override requests placed directly in C@B will be ignored. The form (and explanation of how it works) is available at https://cs.brown.edu/courses/enrolling/. Course Resources The Critical Review for CSCI 1430 Final Exam If an exam is scheduled for the final exam period, it will be held: Exam Date: 16-DEC-2024  Exam Time: 09:00:00 AM  Exam Group: 05 Schedule and Location TTh 9am-10:20am Location TBD Instructors Srinath Sridhar srinath_sridhar@brown.edu All Sections Section # CRN Meets Instructor S01 18540 TTh 9-10:20a S. Sridhar VIEW CALENDAR Students Who Took This Course Also Took... CSCI 1234 Computer Graphics Lab CSCI 2340 Software Engineering MATH 0520 Linear Algebra APMA 1650 Statistical Inference I SEE ALL Textbooks PURCHASE BOOKS"
        },
        {
            "class_code": "CSCI 1600",
            "class_body": "CSCI 1600 Section S01, CRN 18116 Real-Time and Embedded Software Fall 2024 Maximum Enrollment: 46 / Seats Avail: 0 Last Updated 5/3/2024, 3:06:24 PM Registration Notes This section is full This section is full Course Description Comprehensive introduction to the design and implementation of software for programmable embedded computing systems, in applications such as Internet of Things, transportation, and mobile. Includes the overall embedded real-time software design and development processes, with a focus on engineering for reliability. Major project component. Prerequisites: one of CSCI 0300, CSCI 0320, CSCI 0330, CSCI 1310, or CSCI 1330 Registration Restrictions Prerequisites: CSCI 0320, 1340, 0300, 0330, 1310, 1950S, 1330 or minimum score of WAIVE in 'Graduate Student PreReq'. Enrollment limited to students in the following programs: Applied Mathematics-Comp Sci (SCB) Computer Science (AB) Computer Science (AM) Computer Science (PHD) Computer Science (SCB) Computer Science (SCM) Computer Science-Economics (AB) Computer Science-Economics (SCB) Cybersecurity (SCM) Mathematics-Computer Science (SCB) Class Notes This course is using a centralized override-request form for the CS department. All requests for overrides should be sent through that form. Override requests placed directly in C@B will be ignored. The form (and explanation of how it works) is available at https://cs.brown.edu/courses/enrolling/. Course Resources The Critical Review for CSCI 1600 Final Exam If an exam is scheduled for the final exam period, it will be held: Exam Date: 14-DEC-2024  Exam Time: 09:00:00 AM  Exam Group: 15 Schedule and Location MWF 12pm-12:50pm Location TBD Instructors Milda Zizyte milda_zizyte@brown.edu Registration Demographics Current enrollment: 46 80.43% - Senior 4.35% - Other 15.22% - Graduate Level All Sections Section # CRN Meets Instructor S01 18116 MWF 12-12:50p M. Zizyte VIEW CALENDAR Students Who Took This Course Also Took... APMA 1650 Statistical Inference I CSCI 0330 Introduction to Computer Systems ECON 0110 Principles of Economics MATH 0520 Linear Algebra SEE ALL Textbooks PURCHASE BOOKS"
        },
        {
            "class_code": "CSCI 1650",
            "class_body": "CSCI 1650 Section S01, CRN 18120 Software Security and Exploitation Fall 2024 Maximum Enrollment: 156 / Seats Avail: 156 Last Updated 5/3/2024, 3:06:24 PM Registration Notes Instructor override required Instructor override required Course Description CSCI 1650 covers software exploitation techniques and state-of-the-art mechanisms for hardening software. The course begins with a summary of prevalent software defects, typically found in applications written in memory unsafe languages, like C/C++, and proceeds with studying traditional and modern exploitation techniques, ranging from classical code injection and code reuse up to the latest goodies (e.g., JIT-ROP). For the most part, it focuses on defenses against certain vulnerability classes and the way(s) to bypass them. Students will be introduced to advanced software exploitation techniques and countermeasures, and study (in depth) the boundaries and effectiveness of standard hardening mechanisms, such as address space randomization and stack and heap protections. Registration Restrictions Prerequisites: CSCI 0330, 1670, 0300, 1310 or minimum score of WAIVE in 'Graduate Student PreReq'. Enrollment limited to students in the following programs: Applied Mathematics-Comp Sci (SCB) Computer Science (AB) Computer Science (AM) Computer Science (PHD) Computer Science (SCB) Computer Science (SCM) Computer Science-Economics (AB) Computer Science-Economics (SCB) Cybersecurity (SCM) Mathematics-Computer Science (SCB) Class Notes This course is using a centralized override-request form for the CS department. All requests for overrides should be sent through that form. Override requests placed directly in C@B will be ignored. The form (and explanation of how it works) is available at https://cs.brown.edu/courses/enrolling/. Curricular Programs Accessible to Remote Students (REM) Course Resources The Critical Review for CSCI 1650 Final Exam If an exam is scheduled for the final exam period, it will be held: Exam Date: 18-DEC-2024  Exam Time: 02:00:00 PM  Exam Group: 10 Schedule and Location MW 3pm-4:20pm Location TBD Instructors Vasilis Kemerlis vasileios_kemerlis@brown.edu All Sections Section # CRN Meets Instructor S01 18120 MW 3-4:20p V. Kemerlis VIEW CALENDAR Students Who Took This Course Also Took... CSCI 2951E Topics in Computer Systems Security CSCI 0330 Introduction to Computer Systems MATH 0520 Linear Algebra APMA 1650 Statistical Inference I SEE ALL Textbooks PURCHASE BOOKS"
        },
        {
            "class_code": "CSCI 1730",
            "class_body": "CSCI 1730 Section S01, CRN 18124 Design and Implementation of Programming Languages Fall 2024 Maximum Enrollment: 63 / Seats Avail: 63 Last Updated 5/3/2024, 3:06:24 PM Registration Notes Instructor override required Instructor override required Course Description Explores the design principles of modern programming languages through implementation, comparison, and reflection. Examines a variety of linguistic features that impact both control and data. Topics vary by year; more information on the course home page. Prerequisite: CSCI 0160, CSCI 0180 or CSCI 0190. Registration Restrictions Prerequisites: CSCI 0160, 0180, 0190, 0200 or minimum score of WAIVE in 'Graduate Student PreReq'. Class Notes This course is using a centralized override-request form for the CS department. All requests for overrides should be sent through that form. Override requests placed directly in C@B will be ignored. The form (and explanation of how it works) is available at https://cs.brown.edu/courses/enrolling/. Course Resources The Critical Review for CSCI 1730 Final Exam If an exam is scheduled for the final exam period, it will be held: Exam Date: 13-DEC-2024  Exam Time: 09:00:00 AM  Exam Group: 16 Schedule and Location MWF 11am-11:50am Location TBD Instructors Shriram Krishnamurthi shriram_krishnamurthi@brown.edu All Sections Section # CRN Meets Instructor S01 18124 MWF 11-11:50a S. Krishnamurthi VIEW CALENDAR Students Who Took This Course Also Took... CSCI 0330 Introduction to Computer Systems CSCI 1951X Formal Proof and Verification MATH 0520 Linear Algebra ECON 0110 Principles of Economics SEE ALL Textbooks PURCHASE BOOKS"
        },
        {
            "class_code": "CSCI 1951X",
            "class_body": "CSCI 1951X Section S01, CRN 18797 Formal Proof and Verification Fall 2024 Maximum Enrollment: 20 / Seats Avail: 6 Last Updated 5/3/2024, 3:06:24 PM Registration Notes Instructor override required Instructor override required Course Description Proof assistants are tools that are used to check the correctness of programs. Unlike tools like model checkers and SAT solvers, proof assistants are highly interactive. Machine-checked formal proofs lead to trustworthy programs and fully specified reliable mathematics. This course introduces students to the theory and use of proof assistants, using the system Lean. We will use Lean to verify properties of functional programs and theorems from pure mathematics. We will learn the theory of deductive reasoning and the logic that these tools are based on. Text: \"The Hitchhiker's Guide to Logical Verification\" by Blanchette et al. Prereqs: CSCI 1710 Logic for Systems or a proof-based mathematics course. Basic familiarity with functional programming (e.g. Haskell, ML) is helpful but not required. Registration Restrictions Enrollment limited to students in the following programs: Applied Mathematics-Comp Sci (SCB) Computer Science (AB) Computer Science (AM) Computer Science (PHD) Computer Science (SCB) Computer Science (SCM) Computer Science-Economics (AB) Computer Science-Economics (SCB) Cybersecurity (SCM) Mathematics-Computer Science (SCB) Class Notes This course is using a centralized override-request form for the CS department. All requests for overrides should be sent through that form. Override requests placed directly in C@B will be ignored. The form (and explanation of how it works) is available at https://cs.brown.edu/courses/enrolling/. Course Resources The Critical Review for CSCI 1951X Class Syllabus Final Exam If an exam is scheduled for the final exam period, it will be held: Exam Date: 18-DEC-2024  Exam Time: 09:00:00 AM  Exam Group: 09 Schedule and Location MW 9:30am-10:50am Location TBD Instructors Robert Lewis robert_lewis@brown.edu Registration Demographics Current enrollment: 14 42.86% - Junior 35.71% - Senior 21.43% - Other All Sections Section # CRN Meets Instructor S01 18797 MW 9:30-10:50a R. Lewis VIEW CALENDAR Students Who Took This Course Also Took... CSCI 0330 Introduction to Computer Systems CSCI 1730 Design and Implementation of Programming Languages MATH 1530 Abstract Algebra MATH 0540 Linear Algebra With Theory SEE ALL Textbooks PURCHASE BOOKS"
        },
        {
            "class_code": "CSCI 2002",
            "class_body": "CSCI 2002 Section S01, CRN 19014 Privacy and Personal Data Protection Fall 2024 Maximum Enrollment: 40 / Seats Avail: 27 Last Updated 5/3/2024, 3:06:24 PM Registration Notes Instructor override required Instructor override required Course Description If you tried to live for one day without generating any digital personal data, how would you spend it? In the Information Age, the use of personal data has proliferated and is pervasive. This course offers a comprehensive examination of protection of privacy and personal data, which is central to autonomy, dignity, and liberty. Topics include identity, financial, health, educational, and other data. Students will learn about: Fair Information Practices; the development of modern privacy rules in the United States and around the world; Fourth Amendment privacy and the autonomy of the individual in relation to the state; key US laws (HIPAA, FERPA, GLBA, GINA, COPPA, etc.); significant international rules (European Union\u2019s General Data Protection Regulation (GDPR), etc.); important institutions (Federal Trade Commission, Data Protection Authorities, etc.); standards; Privacy by Design and Default; and emerging issues. Registration Restrictions Enrollment limited to students in the Cybersecurity (SCM) program. Enrollment is limited to Graduate level students. Class Notes This course is using a centralized override-request form for the CS department. All requests for overrides should be sent through that form. Override requests placed directly in C@B will be ignored. The form (and explanation of how it works) is available at https://cs.brown.edu/courses/enrolling/.\" Curricular Programs Accessible to Remote Students (REM) Course Resources The Critical Review for CSCI 2002 Schedule and Location Course offered online Instructors Deborah Hurley deborah_hurley@brown.edu Registration Demographics Current enrollment: 13 23.08% - Other 76.92% - Graduate Level All Sections Section # CRN Meets Instructor S01 19014 ONLINE D. Hurley VIEW CALENDAR Students Who Took This Course Also Took... CSCI 1360 Human Factors in Cybersecurity CSCI 1860 Cybersecurity Law and Policy CHEM 2980 Research MATH 0200 Multivariable Calculus (Physics/Engineering) SEE ALL Textbooks PURCHASE BOOKS"
        },
        {
            "class_code": "CSCI 2230",
            "class_body": "CSCI 2230 Computer Graphics Fall 2024 Last Updated 5/3/2024, 3:06:24 PM Course Description This course offers an in-depth exploration of fundamental concepts in 2D and 3D computer graphics. It introduces 2D raster graphics techniques, including simple image processing. The bulk of the course is devoted to 3D modeling, geometric transformations, and 3D viewing and rendering. A sequence of assignments culminates in a simple geometric modeler and ray tracer. C++ and the graphics library OpenGL are used throughout the course, as is shader programming on the GPU. The final project is typically a small group project spec'd and implemented by the group using shaders or ray tracing to create special effects. Registration Restrictions Enrollment limited to students in the Computer Science (AM), Computer Science (PHD), Computer Science (SCM) or Cybersecurity (SCM) programs. Enrollment is limited to Graduate level students. Class Notes This course is using a centralized override-request form for the CS department. All requests for overrides should be sent through that form. Override requests placed directly in C@B will be ignored. The form (and explanation of how it works) is available at https://cs.brown.edu/courses/enrolling/. Course Resources The Critical Review for CSCI 2230 Instructors Daniel Ritchie daniel_ritchie@brown.edu All Sections Section # CRN Meets Instructor S01 18216 TTh 10:30-11:50a D. Ritchie S02 18220 ONLINE D. Ritchie VIEW CALENDAR"
        },
        {
            "class_code": "CSCI 2470",
            "class_body": "CSCI 2470 Section S01, CRN 18910 Deep Learning Fall 2024 Maximum Enrollment: 45 / Seats Avail: 39 Last Updated 5/3/2024, 3:06:24 PM Course Description Deep Learning belongs to a broader family of machine learning methods. It is a particular version of artificial neural networks that emphasizes learning representation with multiple layers of networks. Deep Learning, plus the specialized techniques that it has inspired (e.g. convolutional neural networks, recurrent neural networks, and transformers), have led to rapid improvements in many applications, such as computer vision, machine learning, sound understanding, and robotics. This course gives students an overview of the prominent techniques of Deep Learning and its applications in computer vision, language understanding, and other areas. It also provides hands-on practice of implementing deep learning algorithms in Python. A final project will implement an advanced piece of work in one of these areas. Students may take CSCI 2470 or CSCI 1470 but not both. Registration Restrictions Prerequisites: (CSCI 1420 or 1950F) and (CSCI 0111, 0150, 0170 or 0190) and (CSCI 0530, MATH 0520 or 0540) and (CSCI 0220, 1450, 0450, MATH 1610, APMA 1650 or 1655) and (CSCI 0190 or 0200). Class Notes This course is using a centralized override-request form for the CS department. All requests for overrides should be sent through that form. Override requests placed directly in C@B will be ignored. The form (and explanation of how it works) is available at https://cs.brown.edu/courses/enrolling/. Course Resources The Critical Review for CSCI 2470 Class Syllabus Final Exam If an exam is scheduled for the final exam period, it will be held: Exam Date: 17-DEC-2024  Exam Time: 09:00:00 AM  Exam Group: 06 Schedule and Location TTh 1pm-2:20pm Location TBD Instructors Chen Sun chen_sun4@brown.edu Registration Demographics Current enrollment: 6 66.67% - Junior 33.33% - Other All Sections Section # CRN Meets Instructor S01 18910 TTh 1-2:20p C. Sun VIEW CALENDAR Students Who Took This Course Also Took... CSCI 2980 Reading and Research APMA 2570A Numerical Solution of Partial Differential Equations III CSCI 1330 Computer Systems DATA 1050 Data Engineering SEE ALL Textbooks PURCHASE BOOKS"
        }
    ],
    "ECON": [
        {
            "class_code": "ECON 1450",
            "class_body": "ECON 1450 Section S01, CRN 17623 Economic Organizations and Economic Systems Fall 2024 Maximum Enrollment: 20 / Seats Avail: 0 Last Updated 5/3/2024, 3:06:24 PM Registration Notes This section is full This section is full Course Description Positive and normative study of the organizations that comprise and the institutional structures that characterize a modern mixed market economy. Theoretical efficiency and potential limitations of private enterprises and markets including (a) why some market actors are organizations (e.g., companies), (b) effort elicitation problems in organizations, (c) the problem of cooperation in traditional versus behavioral economics, and (d) alternative kinds of organization (including proprietorships, corporations, nonprofits, government agencies). Roles of government, and problems of government failure, including the collective action problem of democracy. State-market balance and contemporary controversies over the economic system in light of the 2008 financial crisis. Registration Restrictions Prerequisites: ECON 1110, 1130 or minimum score of WAIVE in 'Graduate Student PreReq'. Enrollment limited to students with a semester level of 05, 06, 07, 08, 09, 10, 11, 12 or 13. Course Resources The Critical Review for ECON 1450 Final Exam If an exam is scheduled for the final exam period, it will be held: Exam Date: 19-DEC-2024  Exam Time: 09:00:00 AM  Exam Group: 13 Schedule and Location TTh 10:30am-11:50am Location TBD Instructors Louis Putterman louis_putterman@brown.edu Registration Demographics Current enrollment: 20 85.00% - Senior 15.00% - Other All Sections Section # CRN Meets Instructor S01 17623 TTh 10:30-11:50a L. Putterman VIEW CALENDAR Students Who Took This Course Also Took... ECON 0110 Principles of Economics ECON 1629 Applied Research Methods for Economists MATH 0100 Single Variable Calculus, Part II MATH 0180 Multivariable Calculus SEE ALL Textbooks PURCHASE BOOKS"
        }
    ],
    "EDUC": [
        {
            "class_code": "EDUC 1310",
            "class_body": "EDUC 1310 Section S01, CRN 17197 Inside Higher Ed: Sex, Class, and Admissions Fall 2024 Maximum Enrollment: 36 / Seats Avail: 26 Last Updated 5/3/2024, 3:06:24 PM Registration Notes Instructor override required Instructor override required Course Description This course introduces students to the sociological study of higher education in the United States. In this seminar, our primary focus will be to engage with the current debates, issues, and problems associated with higher education. Among the questions we will explore are: What is hook-up culture, and can you \u201copt-out\u201d? What is the purpose of higher education, and how does our background impact how we answer this question? Who are the biggest beneficiaries of affirmative action? Are legacy students and athletes advantaged in the admissions process? Which students are most likely to participate in class discussion? And how does gender matter for who does and does not participate? Who is best served by higher education institutions? This class is not just about reading research. You will be required to actively discuss and reflect on your collegiate experiences with your classmates. Registration Restrictions Enrollment limited to students with a semester level of 03, 04, 05, 06, 07, 08, 09, 10, 11, 12 or 13. Class Notes Through a random lottery of students submitting override requests, I will give out ten on the day of pre-registration. All others will be given out after the first week of class. For override requests, please follow the procedures through Courses at Brown. Put your name in the \u201crequest text\u201d box on C@B. You do not need to provide a rationale for your override request. Also, please do not email the professor to express interest in the course or request an override. Course Resources The Critical Review for EDUC 1310 Final Exam If an exam is scheduled for the final exam period, it will be held: Exam Date: 16-DEC-2024  Exam Time: 09:00:00 AM  Exam Group: 05 Schedule and Location TTh 9am-10:20am Location TBD Instructors David Rangel david_rangel@brown.edu Registration Demographics Current enrollment: 10 50.00% - Sophomore 50.00% - Other All Sections Section # CRN Meets Instructor S01 17197 TTh 9-10:20a D. Rangel VIEW CALENDAR Students Who Took This Course Also Took... ECON 0110 Principles of Economics MATH 0090 Single Variable Calculus, Part I MATH 0100 Single Variable Calculus, Part II ECON 1110 Intermediate Microeconomics SEE ALL Textbooks PURCHASE BOOKS"
        }
    ],
    "ENGL": [
        {
            "class_code": "ENGL 2901T",
            "class_body": "ENGL 2901T Section S01, CRN 16995 Twenty-first Century Critical Theory Fall 2024 Maximum Enrollment: 15 / Seats Avail: 6 Last Updated 5/3/2024, 3:06:24 PM Course Description Intended as an introduction to some influential emergent strains of literary-theoretical scholarship over the past two decades, this course will examine work in contemporary aesthetics, ecological and environmental thought, affective criticism, transgender studies, black studies, and debates around the prospects of a future for literary studies. In each case, a substantial 21st-century text will be considered alongside several canonical works (by figures such as Kant, Marx, Luk\u00e1cs, Du Bois, Haraway) with which it is in conversation. Contemporary authors include Lauren Berlant, Saidiya Hartman, Achille Mbembe, Fred Moten, Jeffrey Nealon, Rob Nixon, Sianne Ngai, Paul B. Preciado, and Sylvia Wynter. Registration Restrictions Enrollment limited to students in the following programs: Comparative Literature (AM) Comparative Literature (PHD) English (AM) English (PHD) Literary Arts (MFA) Modern Culture and Media (AM) Modern Culture and Media (PHD) Enrollment is limited to Graduate level students. Course Resources The Critical Review for ENGL 2901T Final Exam If an exam is scheduled for the final exam period, it will be held: Exam Date: 18-DEC-2024  Exam Time: 02:00:00 PM  Exam Group: 10 Schedule and Location W 3pm-5:30pm Location TBD Instructors Timothy Bewes timothy_bewes@brown.edu Registration Demographics Current enrollment: 9 11.11% - Other 88.89% - Graduate Level All Sections Section # CRN Meets Instructor S01 16995 W 3-5:30p T. Bewes VIEW CALENDAR Textbooks PURCHASE BOOKS"
        }
    ],
    "GNSS": [
        {
            "class_code": "GNSS XLIST",
            "class_body": "GNSS XLIST Courses of Interest to Concentrators in Gender and Sexuality Studies Fall 2024 Last Updated 5/3/2024, 3:06:24 PM Registration Notes Students must register under the CRN of an appropriate course Students must register under the CRN of an appropriate course Class Notes The following courses have a primary focus on women or gender or make significant use of modes of feminist or queer analysis. They may count toward the concentration in Gender and Sexuality Studies through the Pembroke Center. Please check with the sponsoring department for times and locations.  Africana Studies AFRI 0090 An Introduction to Africana Studies AFRI 0140 First Lady of the Struggle: Mary McLeod Bethune and Global Black Freedom AFRI 1060D The Harlem Renaissance: Art, Literature, and Classic Women Blues AFRI 1181 Black Women Visual Artists Global Contemporary Art in the United States Applied Mathematics APMA 1910 Race and Gender in the Scientific Community American Studies AMST 0090A 7 Hours and 55 Minutes: Sex, Work, and Migration in Global Contexts AMST 0170E Black to the Future: Race as Science Fiction AMST 0601 Health and Healing in American History Anthropology ANTH 0300 Culture and Health Archaeology ARCH 0230 Myriad Mediterraneans: Archaeology, Representation and Decolonization Classics CLAS 0765 Witches and Vixens: Nasty Women in Ancient Greece and Rome East Asian Studies EAST 0140 Childhood and Culture in Japan EAST 1304 Crafting Early Modern China: Handicraft, Witchcraft and Statecraft Economics ECON 0600 Gender in the Economy Education EDUC 1310 Inside Higher Ed: Sex, Class, and Admissions English ENGL 0101G, Bad, Mad and Sad: Literatures of Misbehaving Women ENGL 0300M Medieval Gender ENGL 0700E Postcolonial Literature ENGL 0800T Introduction to Black Literary Theory ENGL 1361S Sexual Contracts in Renaissance Drama ENGL 1711N Monsters in our Midst: The Plantation and the Woods in Trans-American Literature ENGL 1760E Who's Afraid of Virginia Woolf? ENGL 1762P Lucille Clifton Ethnic Studies ETHN 0601A Introduction to Asian American History History HIST 1963Q Sex, Power, and God: A Medieval Perspective HIST 1971D From Emancipation to Obama HIST 1976U Planning the Family Italian Studies ITAL 1262 Women, Gender, and Feminism in Early Modern Italy Judaic Studies JUDS 0050P Sacred Spaces: Synagogues, Churches, Mosques Language Studies LANG 0710 Protest and Dissidence in Iran Modern Culture and Media MCM 0730B TV/Not TV: Theory and Practice MCM 1205G The Politics of Contemporary Black Popular Music MCM 1507O Hyper/pop Slavic Studies PLSH 1050 Polish Cinema: Uneven Histories, Uneasy Aesthetics RUSS 1660 Sexuality and Revolution in 20th-Century Russian Culture Political Science POLS 1520 Introduction to Feminist Theory Religious Studies RELS 0090A Women and Gender in Ancient Religions Sociology SOC 0230 Sex, Gender, and Society SOC 1480 What's Wrong with Empowerment: Critical perspectives on Development Science, Technology, and Society STS 1700T Race, Gender, and Technology in Everyday Life Urban Studies URBN 0214 The U.S. Metropolis: Cities and Suburbs in American History Course Resources The Critical Review for GNSS XLIST Textbooks PURCHASE BOOKS"
        }
    ],
    "LING": [
        {
            "class_code": "LING XLIST",
            "class_body": "LING XLIST Courses of Interest to Concentrators in Linguistics Fall 2024 Last Updated 5/3/2024, 3:06:24 PM Registration Notes Students must register under the CRN of an appropriate course Students must register under the CRN of an appropriate course Class Notes The following courses may be of interest to students concentrating in Linguistics. While courses on the list would often count toward the Linguistics concentration, you should consult with the concentration adviser to make sure that's the case.  Anthropology ANTH 0800 Sound and Symbols: Introduction to Linguistic Anthropology Computer Science CSCI 1460 Computational Linguistics Cognitive, Linguistic & Psychological Sciences CLPS 1820 Language and the Brain Hispanic Studies HISP 1210E History of Romance Languages Language Studies LANG 0750 Identity and Languages in Contemporary Africa Philosophy PHIL 0640 Logic PHIL 1850 Philosophy of Language Course Resources The Critical Review for LING XLIST Textbooks PURCHASE BOOKS"
        }
    ],
    "LITR": [
        {
            "class_code": "LITR 1230Y",
            "class_body": "LITR 1230Y Section S01, CRN 17519 Structuring (and De-Structuring) Novels: Special Topics Literature Seminar Fall 2024 Maximum Enrollment: 20 / Seats Avail: 14 Last Updated 5/3/2024, 3:06:24 PM Course Description How to structure a novel? This is a question most novelists approach with dread, because, a) all the good plots and structures have been used up; b) plots can feel annoying anyway, like a capitulation to cinema or theater; and c) nevertheless, it is impossible to write in total darkness. We\u2019ll dispel this darkness by reading works by a range of novelists. How do these authors strike a balance between complex thought and elegant/unusual structure? And how can we, as writers, maintain narrative coherence over the course of hundreds of pages? Registration Restrictions Enrollment limited to students in the following programs: Comparative Literature (AB) Comparative Literature (AM) Comparative Literature (PHD) English (AB) English (AM) English (PHD) Literary Arts (AB) Literary Arts (MFA) Curricular Programs Writing - Designated Courses (WRIT) Course Resources The Critical Review for LITR 1230Y Final Exam If an exam is scheduled for the final exam period, it will be held: Exam Date: 18-DEC-2024  Exam Time: 02:00:00 PM  Exam Group: 10 Schedule and Location W 3pm-5:30pm Location TBD Instructors Karan Mahajan karan_mahajan@brown.edu Registration Demographics Current enrollment: 6 All Sections Section # CRN Meets Instructor S01 17519 W 3-5:30p K. Mahajan VIEW CALENDAR Students Who Took This Course Also Took... LITR 0210A Fiction Writing II LITR 1010A Advanced Fiction CHEM 0330 Equilibrium, Rate, and Structure MATH 0100 Single Variable Calculus, Part II SEE ALL Textbooks PURCHASE BOOKS"
        }
    ],
    "MCM": [
        {
            "class_code": "MCM 1205G",
            "class_body": "MCM 1205G The Politics of Contemporary Black Popular Music Fall 2024 Maximum Enrollment: 50 / Seats Avail: 41 Last Updated 5/3/2024, 3:06:24 PM Course Description This course provides an introduction to the history of black popular music since the1970s, focusing primarily on sound cultures from the US, Caribbean, and Western Europe. We will begin by studying the mixing techniques developed in Reggae (dub), Disco (remix), and Hip-Hop (scratching and sampling) to discuss how they have shaped popular music since the1970s. We will then survey these genres as well as the histories of R&B, House and Techno and some of their many offshoots (Jungle & Afrobeats, for instance) have developed over the last 30 years to ask how popular music functions as one of the main channels of communication among the cultures of the African diaspora. Overall, this course investigates the aesthetic, political, cultural, and economic dimensions of black popular music, paying particular attention to questions of gender, sexuality, class, nation, language, and technology. Course Resources The Critical Review for MCM 1205G Instructors Alexander Weheliye alexander_weheliye@brown.edu Registration Demographics Current enrollment: 9 44.44% - Junior 55.56% - Other All Sections Section # CRN Meets Instructor S01 18937 TTh 2:30-3:50p A. Weheliye F01 18939 ONLINE A. Weheliye VIEW CALENDAR"
        }
    ],
    "PHIL": [
        {
            "class_code": "PHIL XLIST",
            "class_body": "PHIL XLIST Courses of Interest to Philosophy Concentrators Fall 2024 Last Updated 5/3/2024, 3:06:24 PM Registration Notes Students must register under the CRN of an appropriate course Students must register under the CRN of an appropriate course Class Notes There are many courses that look at philosophers or philosophical questions in other departments, including Africana Studies, Classics, Cognitive and Linguistic Sciences, French Studies, German Studies, Judaic Studies, Mathematics, Modern Culture and Media, Political Science, and Religious Studies. They include:  Comparative Literature COLT 0810L The Pursuit of Happiness Religious studies COST 0120 The Classical Chinese Philosophy of Life COST 0535 Self Transformation and Transcendence in Later Daoist Contemplative Traditions COST 1082 Me, Myself, and I: Exploring Senses of Self from a Multidisciplinary Perspective RELS 0120 The Classical Chinese Philosophy of Life RELS 0535 Self Transformation and Transcendence in Later Daoist Contemplative Traditions RELS 1385 Religion and Postmodernism Cognitive, Linguistic & Psychological Sciences CLPS 0010 Mind, Brain and Behavior: An Interdisciplinary Approach CLPS 1280B Special Topics in Cognition: Collective Cognition CLPS 1755 Moral Psychology Data Science Institute DATA 0080 Data, Ethics and Society Gender and Sexuality Studies GNSS 1400 Agnotology: The Will to Ignorance Classics GREK 1111K Aristotle's Theology in Metaphysics Lambda Political Science POLS 0110 Introduction to Political Thought POLS 1520 Introduction to Feminist Theory POLS 1821I Issues in Democratic Theory Sociology SOC 1010 Classical Sociological Theory Course Resources The Critical Review for PHIL XLIST Textbooks PURCHASE BOOKS"
        }
    ],
    "PHP": [
        {
            "class_code": "PHP 1550",
            "class_body": "PHP 1550 Section S01, CRN 18281 Substance Use and Vulnerability to Addiction Fall 2024 Maximum Enrollment: 14 / Seats Avail: 12 Last Updated 5/3/2024, 3:06:24 PM Course Description This foundational course will examine how we classify substance use, substance misuse, and substance use disorders and how substance use impacts population health, including exacerbating health disparities. We will examine and compare prominent models of why people become addicted to substances. Using the socioecological model as a framework, we will analyze key risk and protective factors for substance misuse including (a) individual factors such as biological susceptibility, personality, and co-occurring psychiatric disorders, (b) interpersonal factors such as peer use and social support, (c) community factors such as access to alternative reinforcers and neighborhood resources, and (d) societal factors such as racism, social and economic inequalities, and stigma around addiction. Using this framework, we will analyze how social determinants of health impact substance use and its negative consequences in marginalized populations. Registration Restrictions Prerequisites: (PHP 0850*, 2120* or 2150*) and (PHP 1501*, 2507* or 2510*) or minimum score of WAIVE in 'Graduate Student PreReq'. * May be taken concurrently. Enrollment limited to students with a semester level of 05, 06, 07, 08, 09, 10, 11, 12 or 13. Course Resources The Critical Review for PHP 1550 Final Exam If an exam is scheduled for the final exam period, it will be held: Exam Date: 18-DEC-2024  Exam Time: 02:00:00 PM  Exam Group: 10 Schedule and Location W 3pm-5:30pm Location TBD Instructors Rachel Cassidy rachel_cassidy@brown.edu Registration Demographics Current enrollment: 2 All Sections Section # CRN Meets Instructor S01 18281 W 3-5:30p R. Cassidy VIEW CALENDAR Students Who Took This Course Also Took... PHYS 0030 Basic Physics A CHEM 0330 Equilibrium, Rate, and Structure PHP 0310 Health Care in the United States PHP 1501 Essentials of Data Analysis SEE ALL Textbooks PURCHASE BOOKS"
        }
    ],
    "STS": [
        {
            "class_code": "STS XLIST",
            "class_body": "STS XLIST Science, Technology, and Society XLIST Fall 2024 Last Updated 5/3/2024, 3:06:24 PM Registration Notes Students must register under the CRN of an appropriate course Students must register under the CRN of an appropriate course Class Notes The following courses have a significant focus on the sociocultural and philosophical dimensions of science, technology and/or medicine. They may count toward the requirements of the Science, Technology, and Society concentration, depending on the student's thematic track and approval of the concentration advisor. Please check with the sponsoring department for times and locations.  Anthropology ANTH 0300 Culture and Health Computer Science CSCI 1360 Human Factors in Cybersecurity CSCI 1870 Cybersecurity Ethics English ENGL 1180Z Healthcare Journalism History HIST 1825H: Science, Medicine and Technology in the 17th Century Course Resources The Critical Review for STS XLIST Textbooks PURCHASE BOOKS"
        }
    ],
    "URBN": [
        {
            "class_code": "URBN XLIST",
            "class_body": "URBN XLIST Courses of Interest to Concentrators in Urban Studies Fall 2024 Last Updated 5/3/2024, 3:06:24 PM Registration Notes Students must register under the CRN of an appropriate course Students must register under the CRN of an appropriate course Class Notes The following courses offered by other departments will fulfill Core Discipline, Seminar, and Complementary Course requirements of the Urban Studies concentration. (Please refer to the Urban Studies website to determine which requirements are fulfilled by these courses.)  Please check with the sponsoring department for times and locations.  Applied Mathematics APMA 1650 Statistical Inference I APMA 1655 Honors Statistical Inference I Anthropology ANTH 1201 Introduction to Geographic Information Systems and Spatial Analysis Cognitive, Linguistic & Psychological Sciences CLPS 0900 Statistical Methods Economics ECON 1620 Introduction to Econometrics Environmental Studies ENVS 0070C Transcending Transportation Impacts ENVS 1400 Sustainable Design in the Built Environment ENVS 1555 Local Food Systems and Urban Agriculture History of Art and Architecture HIAA 0100 Introduction to Architectural Design Studio HIAA 1171 Cities, Landscapes, and Design in the Age of Pandemics Sociology SOC 0310 Theory and Practice of Engaged Scholarship SOC 1100 Introductory Statistics for Social Research SOC 1340 Principles and Methods of Geographic Information Systems SOC 1871X Comparative Urban Political Economy Course Resources The Critical Review for URBN XLIST Textbooks PURCHASE BOOKS"
        }
    ]
}