{
    "ARCH": [
        {
            "class_dept": "ARCH",
            "class_title": "Mediterranean Culture Wars: Archaic Greek History, c. 1200 to 479 BC (CLAS 1210)",
            "class_code": "ARCH 1282",
            "class_description": "Interested students must register for CLAS 1210.",
            "class_reg_restrictions": "Registration restrictions not found/provided.",
            "class_instructors": [
                "Instructor(s) TBD or not provided."
            ],
            "class_sections": [
                "Sections TBD or not available."
            ]
        }
    ],
    "CLAS": [
        {
            "class_dept": "CLAS",
            "class_title": "Mediterranean Culture Wars: Archaic Greek History, c. 1200 to 479 BC",
            "class_code": "CLAS 1210",
            "class_description": "From the end of the Bronze Age to the end of the Persian Wars is a period of considerable change in the Mediterranean and beyond. The Greek polis challenges the powers of the ancient Near East. Over seven centuries we meet Greek writing, Homeric epic, and the first historian (Herodotus). But the Greek world lay on the edges of the Ancient Near East and this course tries to offer a more balanced approach than the typically Hellenocentric perspective of the standard textbooks. CLAS 1210 addresses cultural, political, social, and economic histories. Literary, epigraphical and archaeological cultures provide the evidence. There are no written exams for this course. No previous knowledge of the ancient world is required.",
            "class_reg_restrictions": "Registration restrictions not found/provided.",
            "class_instructors": [
                {
                    "name": "Graham Oliver",
                    "email": "graham_oliver@brown.edu"
                }
            ],
            "class_sections": [
                {
                    "section_num": "S01",
                    "section_crn": "17421",
                    "section_meets": "MWF 10-10:50a",
                    "section_instr": "G. Oliver"
                }
            ]
        }
    ],
    "ENGN": [
        {
            "class_dept": "ENGN",
            "class_title": "Scientific Programming in C++",
            "class_code": "ENGN 2912B",
            "class_description": "Introduction to the C++ language with examples from topics in numerical analysis, differential equations and finite elements. As a prerequisite, some programming knowledge, e.g., MATLAB projects. The course will cover the main C++ elements: data types; pointers; references; conditional expressions; streams; templates; Standard Template Library(STL); design and debugging techniques.",
            "class_reg_restrictions": "Registration restrictions not found/provided.",
            "class_instructors": [
                {
                    "name": "Daniel Moreno",
                    "email": "daniel_moreno@brown.edu"
                }
            ],
            "class_sections": [
                {
                    "section_num": "S01",
                    "section_crn": "17098",
                    "section_meets": "MW 5:30-6:50p",
                    "section_instr": "D. Moreno"
                }
            ]
        },
        {
            "class_dept": "ENGN",
            "class_title": "Embedded Microprocessor Design",
            "class_code": "ENGN 1650",
            "class_description": "This is a combined lecture and design project course offering experience in the open-ended design of an electronic product or system employing an embedded microprocessor by small-group design teams. Activity includes product specification, circuit design, programming, printed circuit layout, construction, packaging, and economic assessment. Teams are expected to produce functional products. Lecture topics will be adjusted to reflect the chosen design problems. Emphasis is placed on the criteria for choosing processors and on the interfaces and programming requirements of the system. Primarily for senior concentrators. Experience with C programming is helpful but not required. Prerequisite ENGN 1630 or permission of the instructor.",
            "class_reg_restrictions": "Prerequisites: ENGN 1630 or minimum score of WAIVE in 'Graduate Student PreReq'.",
            "class_instructors": [
                {
                    "name": "Edward Tracy",
                    "email": "ted_tracy1@brown.edu"
                }
            ],
            "class_sections": [
                {
                    "section_num": "S01",
                    "section_crn": "18911",
                    "section_meets": "TTh 9-10:20a",
                    "section_instr": "E. Tracy"
                }
            ]
        }
    ],
    "HIST": [
        {
            "class_dept": "HIST",
            "class_title": "Mediterranean Culture Wars: Archaic Greek History, c. 1200 to 479 BC (CLAS 1210).",
            "class_code": "HIST 1931F",
            "class_description": "Interested students must register for CLAS 1210.",
            "class_reg_restrictions": "Registration restrictions not found/provided.",
            "class_instructors": [
                "Instructor(s) TBD or not provided."
            ],
            "class_sections": [
                "Sections TBD or not available."
            ]
        },
        {
            "class_dept": "HIST",
            "class_title": "Early American Lives",
            "class_code": "HIST 0657A",
            "class_description": "This is a writing-designated (WRIT) course that examines the intersection of biography and history. We will focus on 17 to 19th c. North America and read studies of a female Mohawk, a renegade New England colonist, an enslaved African American who escaped from George Washington, a lesbian couple, a forgotten 19th c. celebrity, and a Civil War spy. Students will also research and write their own historical-biographical essays.",
            "class_reg_restrictions": "Enrollment limited to students with a semester level of 03 or 04.\nEnrollment is limited to Undergraduate level students.",
            "class_instructors": [
                {
                    "name": "Christopher Grasso",
                    "email": "christopher_grasso@brown.edu"
                }
            ],
            "class_sections": [
                {
                    "section_num": "S01",
                    "section_crn": "17811",
                    "section_meets": "TTh 9-10:20a",
                    "section_instr": "C. Grasso"
                }
            ]
        }
    ],
    "UNIV": [
        {
            "class_dept": "UNIV",
            "class_title": "Brown in Washington, D.C. Practicum",
            "class_code": "UNIV 1801",
            "class_description": "This course is a required 2-credit course for students participating in the Brown in Washington, D.C. program. The course is centered around a challenging 30-hour/week internship in a public-sector or not-for-profit organization in Washington, D.C., which provides an immersive experiential learning opportunity at an organization or agency involved in the public policy process. Seminar sessions, workshops, field trips, and reading and writing assignments enable students to reflect on their internship experiences, contextualize their work and organization within the broader DC policy environment, and develop academic and professional skills",
            "class_reg_restrictions": "Enrollment limited to students with a semester level of 03, 04, 05, 06, 07, 08, 09, 10, 11, 12 or 13.",
            "class_instructors": [
                {
                    "name": "Jocelyn Frelier",
                    "email": "jocelyn_frelier@brown.edu"
                }
            ],
            "class_sections": [
                {
                    "section_num": "S01",
                    "section_crn": "18954",
                    "section_meets": "M 2-5p",
                    "section_instr": "J. Frelier"
                }
            ]
        }
    ],
    "BIOL": [
        {
            "class_dept": "BIOL",
            "class_title": "Cell Physiology and Biophysics",
            "class_code": "BIOL 1100",
            "class_description": "Current topics in cell physiology, with an emphasis on membrane-mediated interactions between cells and their environment. Topics may include: ion channel structure, function and regulation; intracellular regulatory molecules; mechanisms of sensory transduction; membrane receptors and second messenger systems; vesicle secretion; and cytoskeletal regulation of cell function. Lectures, discussion, and student presentations of the current literature. Expected: BIOL 0800 or NEUR 0010. Instructor permission required. Enrollment limited to 30, and admission is based on seniority -- graduate students, seniors, then juniors. (Not for first and second-year undergraduates.) Students must request an override code through C@B.",
            "class_reg_restrictions": "Registration restrictions not found/provided.",
            "class_instructors": [
                {
                    "name": "Diana Horrigan",
                    "email": "diana_horrigan@brown.edu"
                },
                {
                    "name": "Anita Zimmerman",
                    "email": "anita_zimmerman@brown.edu"
                }
            ],
            "class_sections": [
                {
                    "section_num": "S01",
                    "section_crn": "18963",
                    "section_meets": "M 3-5:30p",
                    "section_instr": "Horrigan/Zimmerman"
                }
            ]
        },
        {
            "class_dept": "BIOL",
            "class_title": "Survey of Modern Therapeutics",
            "class_code": "BIOL 2250",
            "class_description": "Survey of Modern Therapeutics examines the process of drug discovery, development, and approval from target selection to commercialization. The course will provide students with a broad overview of central background concepts in drug development including cellular physiology, target-drug interactions, and pharmacokinetics/pharmacodynamics. The course will examine the preclinical stages of the traditional small molecule drug discovery process, from initial target identification and validation, through assay development, high throughput screening, hit identification, lead optimization and the selection of a candidate drug. The course will also go through the process of bringing a therapeutic into clinical trials, through FDA approval, and to the market. Students will study some of the modern approaches in therapeutics including small molecules, biologics, vaccines, anti-infectives, and cell therapies and their applications. There are no prerequisites, but a background in biology, chemistry, or a related field is strongly encouraged. Students must request an override code through C@B.",
            "class_reg_restrictions": "Enrollment is limited to Graduate level students.",
            "class_instructors": [
                {
                    "name": "Diana Horrigan",
                    "email": "diana_horrigan@brown.edu"
                }
            ],
            "class_sections": [
                {
                    "section_num": "S01",
                    "section_crn": "10281",
                    "section_meets": "TTh 9-10:20a",
                    "section_instr": "D. Horrigan"
                }
            ]
        }
    ],
    "CSCI": [
        {
            "class_dept": "CSCI",
            "class_title": "Introduction to Software Engineering",
            "class_code": "CSCI 0320",
            "class_description": "Focuses on designing, building, testing, and maintaining systems collaboratively. It covers programming techniques (using Java and TypeScript with various frameworks), object-oriented design, advanced testing (e.g., fuzz testing), debugging approaches, and tools such as source control systems. The course concludes with a major group project that students gather requirements for, then design and implement themselves. Prerequisite: CSCI 0160, 0180, CSCI 0190 or CSCI 0200; CSCI 0220 is recommended.",
            "class_reg_restrictions": "Prerequisites: CSCI 0160, 0180, 0190 or 0200.",
            "class_instructors": [
                {
                    "name": "Tim Nelson",
                    "email": "timothy_nelson@brown.edu"
                }
            ],
            "class_sections": [
                {
                    "section_num": "S01",
                    "section_crn": "18090",
                    "section_meets": "TTh 1-2:20p",
                    "section_instr": "T. Nelson"
                },
                {
                    "section_num": "S02",
                    "section_crn": "18164",
                    "section_meets": "ONLINE",
                    "section_instr": "T. Nelson"
                }
            ]
        },
        {
            "class_dept": "CSCI",
            "class_title": "Introduction to Computer Systems",
            "class_code": "CSCI 0330",
            "class_description": "High-level computer architecture and systems programming. The course covers the organization of computer systems (in terms of storage units, caches, processors, and I/O controllers) and teaches students assembly-language programming and C-language programming. Extensive programming exercises introduce students to systems-level programming on Unix systems, as well as to multi-threaded programming with POSIX threads. Students will be introduced to the functions of operating systems. Prerequisite: CSCI 0160, 0180, 0190, or 0200.",
            "class_reg_restrictions": "Prerequisites: CSCI 0160, 0180, 0190 or 0200.",
            "class_instructors": [
                {
                    "name": "Thomas Doeppner",
                    "email": "thomas_doeppner_jr@brown.edu"
                },
                {
                    "name": "Nicholas DeMarinis",
                    "email": "nicholas_demarinis@brown.edu"
                }
            ],
            "class_sections": [
                {
                    "section_num": "S01",
                    "section_crn": "18099",
                    "section_meets": "MWF 2-2:50p",
                    "section_instr": "Doeppner/DeMarinis"
                },
                {
                    "section_num": "S02",
                    "section_crn": "18103",
                    "section_meets": "ONLINE",
                    "section_instr": "Doeppner/DeMarinis"
                }
            ]
        },
        {
            "class_dept": "CSCI",
            "class_title": "Foundations of AI",
            "class_code": "CSCI 0410",
            "class_description": "This course will provide broad coverage of core topics in artificial intelligence (AI), as a prelude to students taking more in-depth AI courses later on. To this end, the course will introduce students to prevalent AI models, both logical and probabilistic, as well as algorithms to solve these models based on search, planning, reinforcement learning, and supervised and unsupervised machine learning. These ideas will be applied to develop basic natural language processing, computer vision, robotic, and multiagent systems, all with an eye towards building socially responsible AI. Students cannot take this course and 1411 together. This course is using a centralized override-request form for CS department. Add following \"All requests for overrides should be sent through that form. Override requests placed directly in C@B will be ignored. The form (and explanation of how it works) is available at https://cs.brown.edu/courses/enrolling/.\";",
            "class_reg_restrictions": "Prerequisites: CSCI 0200 and (CSCI 0220, APMA 1650, 1655 or CSCI 1410) and (CSCI 0530*, MATH 0520* or 0540*).\n* May be taken concurrently.\nEnrollment limited to students with a semester level of 03 or 04.",
            "class_instructors": [
                {
                    "name": "Amy Greenwald",
                    "email": "amy_greenwald@brown.edu"
                },
                {
                    "name": "Eric Ewing",
                    "email": "eric_ewing@brown.edu"
                }
            ],
            "class_sections": [
                {
                    "section_num": "S01",
                    "section_crn": "19182",
                    "section_meets": "MWF 1-1:50p",
                    "section_instr": "Greenwald/Ewing"
                }
            ]
        },
        {
            "class_dept": "CSCI",
            "class_title": "Introduction to Computer Graphics",
            "class_code": "CSCI 1230",
            "class_description": "Fundamental concepts in 2D and 3D computer graphics, e.g., 2D raster graphics techniques and simple image processing. Focuses on geometric transformations, and 3D modeling, viewing and rendering. A sequence of assignments in C++ culminates in a simple geometric modeler and ray tracer. Prerequisite: CSCI 0160, CSCI 0180, CSCI 0190, or CSCI 0200. Some knowledge of basic linear algebra is helpful but not required. Strong object-oriented programming ability (e.g., in C++, Java or Python) is required.",
            "class_reg_restrictions": "Prerequisites: CSCI 0160, 0180, 0190, 0200 or minimum score of WAIVE in 'Graduate Student PreReq'.\nEnrollment limited to students in the following programs:\nApplied Mathematics-Comp Sci (SCB)\nComputer Science (AB)\nComputer Science (AM)\nComputer Science (PHD)\nComputer Science (SCB)\nComputer Science (SCM)\nComputer Science-Economics (AB)\nComputer Science-Economics (SCB)\nCybersecurity (SCM)\nMathematics-Computer Science (SCB)",
            "class_instructors": [
                {
                    "name": "Daniel Ritchie",
                    "email": "daniel_ritchie@brown.edu"
                }
            ],
            "class_sections": [
                {
                    "section_num": "S01",
                    "section_crn": "18106",
                    "section_meets": "TTh 10:30-11:50a",
                    "section_instr": "D. Ritchie"
                },
                {
                    "section_num": "S02",
                    "section_crn": "18223",
                    "section_meets": "ONLINE",
                    "section_instr": "D. Ritchie"
                }
            ]
        },
        {
            "class_dept": "CSCI",
            "class_title": "Computer Graphics Lab",
            "class_code": "CSCI 1234",
            "class_description": "CSCI 1234 is a half-credit course intended to be taken concurrently with CSCI 1230 and provides students with a greater understanding of the material by having them extend each of 1230's assignments to greater depth.",
            "class_reg_restrictions": "Registration restrictions not found/provided.",
            "class_instructors": [
                {
                    "name": "Daniel Ritchie",
                    "email": "daniel_ritchie@brown.edu"
                }
            ],
            "class_sections": [
                {
                    "section_num": "Instructor override required\nS01",
                    "section_crn": "19166",
                    "section_meets": "TBA",
                    "section_instr": "D. Ritchie"
                }
            ]
        },
        {
            "class_dept": "CSCI",
            "class_title": "Compilers and Program Analysis",
            "class_code": "CSCI 1260",
            "class_description": "Lexical analysis, syntactic analysis, semantic analysis, code generation, code optimization, translator writing systems. Prerequisites: CSCI 0220, or CSCI 0320, or CSCI 0300, or CSCI 0330, or CSCI 1310, or CSCI 1330.",
            "class_reg_restrictions": "Registration restrictions not found/provided.",
            "class_instructors": [
                {
                    "name": "Robert Lewis",
                    "email": "robert_lewis@brown.edu"
                }
            ],
            "class_sections": [
                {
                    "section_num": "Instructor override required\nS01",
                    "section_crn": "18795",
                    "section_meets": "MW 3-4:20p",
                    "section_instr": "R. Lewis"
                },
                {
                    "section_num": "Instructor override required\nS02",
                    "section_crn": "18796",
                    "section_meets": "ONLINE",
                    "section_instr": "R. Lewis"
                }
            ]
        },
        {
            "class_dept": "CSCI",
            "class_title": "Database Management Systems",
            "class_code": "CSCI 1270",
            "class_description": "Introduction to database systems internals, design and implementation. Includes data models and structures, languages, query processing and optimization, concurrency control and recovery algorithms. Coverage of relational distributed and parallel databases as well as noSQL big data systems. Prerequisites: One of CSCI 0300, 0330 (or equivalent coursework).",
            "class_reg_restrictions": "Prerequisites: CSCI 0330, 0300, 1310 or minimum score of WAIVE in 'Graduate Student PreReq'.",
            "class_instructors": [
                {
                    "name": "Ugur Cetintemel",
                    "email": "ugur_cetintemel@brown.edu"
                }
            ],
            "class_sections": [
                {
                    "section_num": "Instructor override required\nS01",
                    "section_crn": "18107",
                    "section_meets": "TTh 1-2:20p",
                    "section_instr": "U. Cetintemel"
                },
                {
                    "section_num": "S02",
                    "section_crn": "18109",
                    "section_meets": "ONLINE",
                    "section_instr": "U. Cetintemel"
                }
            ]
        },
        {
            "class_dept": "CSCI",
            "class_title": "Computer Systems",
            "class_code": "CSCI 1330",
            "class_description": "High-level computer architecture and systems programming. The course covers the organization of computer systems (in terms of storage units, caches, processors, and I/O controllers) and teaches students assembly-language programming and C-language programming. Extensive programming exercises introduce students to systems-level programming on Linux systems, as well as to multi-threaded programming with POSIX threads. Students will be introduced to the functions of operating systems.\nEnrollment limited to Master's students only.",
            "class_reg_restrictions": "Enrollment limited to students in the following programs:\nComputer Science (AM)\nComputer Science (PHD)\nComputer Science (Prof) (SCM)\nComputer Science (SCM)\nCybersecurity (SCM)",
            "class_instructors": [
                "Instructor(s) TBD or not provided."
            ],
            "class_sections": [
                {
                    "section_num": "S01",
                    "section_crn": "18111",
                    "section_meets": "MWF 2-2:50p",
                    "section_instr": "Doeppner/DeMarinis"
                },
                {
                    "section_num": "S02",
                    "section_crn": "19184",
                    "section_meets": "ONLINE",
                    "section_instr": "T. Doeppner"
                }
            ]
        },
        {
            "class_dept": "CSCI",
            "class_title": "Introduction to Software Engineering",
            "class_code": "CSCI 1340",
            "class_description": "CSCI 1340 focuses on designing, building, testing, and maintaining systems collaboratively. It covers programming techniques (using Java and TypeScript with various frameworks), object-oriented design, advanced testing (e.g., fuzz testing), debugging approaches, and tools such as source control systems. The course concludes with a major group project that students gather requirements for, then design and implement themselves.\nNote: CSCI 1340 is for Master\u2019s students only (they may not register for CSCI 0320). It is identical to 0320 but with the addition of supplemental work for each sprint. Prerequisite: CSCI 0160, CSCI 0180, CSCI 0190 or CSCI 0200; CSCI 0220 is recommended.",
            "class_reg_restrictions": "Enrollment is limited to Graduate level students.",
            "class_instructors": [
                {
                    "name": "Tim Nelson",
                    "email": "timothy_nelson@brown.edu"
                }
            ],
            "class_sections": [
                {
                    "section_num": "S01",
                    "section_crn": "18813",
                    "section_meets": "TTh 1-2:20p",
                    "section_instr": "T. Nelson"
                }
            ]
        },
        {
            "class_dept": "CSCI",
            "class_title": "Human Factors in Cybersecurity",
            "class_code": "CSCI 1360",
            "class_description": "This course is designed to push you to think about cybersecurity as an idea with both physical and virtual elements. Throughout the course, we will examine the value of information, the importance of users, and the difficult balance between security and usability. The ultimate goal of this course is to give you the intellectual and scientific framework you need to create systems that are both secure and efficient to use. The course focuses on usable security practices, but also looks deeply at the way our society influences security.",
            "class_reg_restrictions": "Registration restrictions not found/provided.",
            "class_instructors": [
                {
                    "name": "Ernesto Zaldivar",
                    "email": "ernesto_zaldivar@brown.edu"
                }
            ],
            "class_sections": [
                {
                    "section_num": "S01",
                    "section_crn": "18174",
                    "section_meets": "W 3-5:30p",
                    "section_instr": "E. Zaldivar"
                }
            ]
        },
        {
            "class_dept": "CSCI",
            "class_title": "Foundations in AI",
            "class_code": "CSCI 1411",
            "class_description": "This course will provide broad coverage of core topics in artificial intelligence (AI), as a prelude to students taking more in-depth AI courses later on. To this end, the course will introduce students to prevalent AI models, both logical and probabilistic, as well as algorithms to solve these models based on search, planning, reinforcement learning, and supervised and unsupervised machine learning. These ideas will be applied to develop basic natural language processing, computer vision, robotic, and multiagent systems, all with an eye towards building socially responsible AI. This course cannot be taken at the same time as 410. This course is using a centralized override-request for CS department. \"All requests for overrides should be sent through that form. Override requests placed directly in C@B will be ignored. The form (and explanation of how it works) is available at https://cs.brown.edu/courses/enrolling/.\";",
            "class_reg_restrictions": "Prerequisites: CSCI 0200 and (CSCI 0220, APMA 1650, 1655 or CSCI 1410) and (CSCI 0530*, MATH 0520* or 0540*) or minimum score of WAIVE in 'Graduate Student PreReq'.\n* May be taken concurrently.\nEnrollment limited to students in the following programs:\nApplied Mathematics-Comp Sci (SCB)\nComputer Science (AB)\nComputer Science (AM)\nComputer Science (PHD)\nComputer Science (SCB)\nComputer Science (SCM)\nComputer Science-Economics (AB)\nComputer Science-Economics (SCB)\nCybersecurity (SCM)\nMathematics-Computer Science (SCB)",
            "class_instructors": [
                {
                    "name": "Amy Greenwald",
                    "email": "amy_greenwald@brown.edu"
                },
                {
                    "name": "Eric Ewing",
                    "email": "eric_ewing@brown.edu"
                }
            ],
            "class_sections": [
                {
                    "section_num": "S01",
                    "section_crn": "19183",
                    "section_meets": "MWF 1-1:50p",
                    "section_instr": "Greenwald/Ewing"
                }
            ]
        },
        {
            "class_dept": "CSCI",
            "class_title": "Computer Vision",
            "class_code": "CSCI 1430",
            "class_description": "How can we program computers to understand the visual world? This course treats vision as inference from noisy and uncertain data and emphasizes probabilistic and statistical approaches. Topics may include perception of 3D scene structure from stereo, motion, and shading; segmentation and grouping; texture analysis; learning, object recognition; tracking and motion estimation. Strongly recommended: basic linear algebra, calculus, and probability.",
            "class_reg_restrictions": "Prerequisites: (CSCI 0160, 0180, 0190 or 0200) and (MATH 0520, 0540, 0530 or CSCI 0530) or minimum score of WAIVE in 'Graduate Student PreReq'.\nEnrollment limited to students in the following programs:\nApplied Mathematics-Comp Sci (SCB)\nComputer Science (AB)\nComputer Science (AM)\nComputer Science (PHD)\nComputer Science (SCB)\nComputer Science (SCM)\nComputer Science-Economics (AB)\nComputer Science-Economics (SCB)\nCybersecurity (SCM)\nMathematics-Computer Science (SCB)",
            "class_instructors": [
                {
                    "name": "Srinath Sridhar",
                    "email": "srinath_sridhar@brown.edu"
                }
            ],
            "class_sections": [
                {
                    "section_num": "S01",
                    "section_crn": "18540",
                    "section_meets": "TTh 9-10:20a",
                    "section_instr": "S. Sridhar"
                }
            ]
        },
        {
            "class_dept": "CSCI",
            "class_title": "Real-Time and Embedded Software",
            "class_code": "CSCI 1600",
            "class_description": "Comprehensive introduction to the design and implementation of software for programmable embedded computing systems, in applications such as Internet of Things, transportation, and mobile. Includes the overall embedded real-time software design and development processes, with a focus on engineering for reliability. Major project component. Prerequisites: one of CSCI 0300, CSCI 0320, CSCI 0330, CSCI 1310, or CSCI 1330",
            "class_reg_restrictions": "Prerequisites: CSCI 0320, 1340, 0300, 0330, 1310, 1950S, 1330 or minimum score of WAIVE in 'Graduate Student PreReq'.\nEnrollment limited to students in the following programs:\nApplied Mathematics-Comp Sci (SCB)\nComputer Science (AB)\nComputer Science (AM)\nComputer Science (PHD)\nComputer Science (SCB)\nComputer Science (SCM)\nComputer Science-Economics (AB)\nComputer Science-Economics (SCB)\nCybersecurity (SCM)\nMathematics-Computer Science (SCB)",
            "class_instructors": [
                {
                    "name": "Milda Zizyte",
                    "email": "milda_zizyte@brown.edu"
                }
            ],
            "class_sections": [
                {
                    "section_num": "S01",
                    "section_crn": "18116",
                    "section_meets": "MWF 12-12:50p",
                    "section_instr": "M. Zizyte"
                }
            ]
        },
        {
            "class_dept": "CSCI",
            "class_title": "Software Security and Exploitation",
            "class_code": "CSCI 1650",
            "class_description": "CSCI 1650 covers software exploitation techniques and state-of-the-art mechanisms for hardening software. The course begins with a summary of prevalent software defects, typically found in applications written in memory unsafe languages, like C/C++, and proceeds with studying traditional and modern exploitation techniques, ranging from classical code injection and code reuse up to the latest goodies (e.g., JIT-ROP). For the most part, it focuses on defenses against certain vulnerability classes and the way(s) to bypass them. Students will be introduced to advanced software exploitation techniques and countermeasures, and study (in depth) the boundaries and effectiveness of standard hardening mechanisms, such as address space randomization and stack and heap protections.",
            "class_reg_restrictions": "Prerequisites: CSCI 0330, 1670, 0300, 1310 or minimum score of WAIVE in 'Graduate Student PreReq'.\nEnrollment limited to students in the following programs:\nApplied Mathematics-Comp Sci (SCB)\nComputer Science (AB)\nComputer Science (AM)\nComputer Science (PHD)\nComputer Science (SCB)\nComputer Science (SCM)\nComputer Science-Economics (AB)\nComputer Science-Economics (SCB)\nCybersecurity (SCM)\nMathematics-Computer Science (SCB)",
            "class_instructors": [
                {
                    "name": "Vasilis Kemerlis",
                    "email": "vasileios_kemerlis@brown.edu"
                }
            ],
            "class_sections": [
                {
                    "section_num": "S01",
                    "section_crn": "18120",
                    "section_meets": "MW 3-4:20p",
                    "section_instr": "V. Kemerlis"
                }
            ]
        },
        {
            "class_dept": "CSCI",
            "class_title": "Design and Implementation of Programming Languages",
            "class_code": "CSCI 1730",
            "class_description": "Explores the design principles of modern programming languages through implementation, comparison, and reflection. Examines a variety of linguistic features that impact both control and data. Topics vary by year; more information on the course home page. Prerequisite: CSCI 0160, CSCI 0180 or CSCI 0190.",
            "class_reg_restrictions": "Prerequisites: CSCI 0160, 0180, 0190, 0200 or minimum score of WAIVE in 'Graduate Student PreReq'.",
            "class_instructors": [
                {
                    "name": "Shriram Krishnamurthi",
                    "email": "shriram_krishnamurthi@brown.edu"
                }
            ],
            "class_sections": [
                {
                    "section_num": "S01",
                    "section_crn": "18124",
                    "section_meets": "MWF 11-11:50a",
                    "section_instr": "S. Krishnamurthi"
                }
            ]
        },
        {
            "class_dept": "CSCI",
            "class_title": "Formal Proof and Verification",
            "class_code": "CSCI 1951X",
            "class_description": "Proof assistants are tools that are used to check the correctness of programs. Unlike tools like model checkers and SAT solvers, proof assistants are highly interactive. Machine-checked formal proofs lead to trustworthy programs and fully specified reliable mathematics. This course introduces students to the theory and use of proof assistants, using the system Lean. We will use Lean to verify properties of functional programs and theorems from pure mathematics. We will learn the theory of deductive reasoning and the logic that these tools are based on.\nText: \"The Hitchhiker's Guide to Logical Verification\" by Blanchette et al.\nPrereqs: CSCI 1710 Logic for Systems or a proof-based mathematics course. Basic familiarity with functional programming (e.g. Haskell, ML) is helpful but not required.",
            "class_reg_restrictions": "Enrollment limited to students in the following programs:\nApplied Mathematics-Comp Sci (SCB)\nComputer Science (AB)\nComputer Science (AM)\nComputer Science (PHD)\nComputer Science (SCB)\nComputer Science (SCM)\nComputer Science-Economics (AB)\nComputer Science-Economics (SCB)\nCybersecurity (SCM)\nMathematics-Computer Science (SCB)",
            "class_instructors": [
                {
                    "name": "Robert Lewis",
                    "email": "robert_lewis@brown.edu"
                }
            ],
            "class_sections": [
                {
                    "section_num": "S01",
                    "section_crn": "18797",
                    "section_meets": "MW 9:30-10:50a",
                    "section_instr": "R. Lewis"
                }
            ]
        },
        {
            "class_dept": "CSCI",
            "class_title": "Privacy and Personal Data Protection",
            "class_code": "CSCI 2002",
            "class_description": "If you tried to live for one day without generating any digital personal data, how would you spend it? In the Information Age, the use of personal data has proliferated and is pervasive. This course offers a comprehensive examination of protection of privacy and personal data, which is central to autonomy, dignity, and liberty. Topics include identity, financial, health, educational, and other data. Students will learn about: Fair Information Practices; the development of modern privacy rules in the United States and around the world; Fourth Amendment privacy and the autonomy of the individual in relation to the state; key US laws (HIPAA, FERPA, GLBA, GINA, COPPA, etc.); significant international rules (European Union\u2019s General Data Protection Regulation (GDPR), etc.); important institutions (Federal Trade Commission, Data Protection Authorities, etc.); standards; Privacy by Design and Default; and emerging issues.",
            "class_reg_restrictions": "Enrollment limited to students in the Cybersecurity (SCM) program.\nEnrollment is limited to Graduate level students.",
            "class_instructors": [
                {
                    "name": "Deborah Hurley",
                    "email": "deborah_hurley@brown.edu"
                }
            ],
            "class_sections": [
                {
                    "section_num": "S01",
                    "section_crn": "19014",
                    "section_meets": "ONLINE",
                    "section_instr": "D. Hurley"
                }
            ]
        },
        {
            "class_dept": "CSCI",
            "class_title": "Computer Graphics",
            "class_code": "CSCI 2230",
            "class_description": "This course offers an in-depth exploration of fundamental concepts in 2D and 3D computer graphics. It introduces 2D raster graphics techniques, including simple image processing. The bulk of the course is devoted to 3D modeling, geometric transformations, and 3D viewing and rendering. A sequence of assignments culminates in a simple geometric modeler and ray tracer. C++ and the graphics library OpenGL are used throughout the course, as is shader programming on the GPU. The final project is typically a small group project spec'd and implemented by the group using shaders or ray tracing to create special effects.",
            "class_reg_restrictions": "Enrollment limited to students in the Computer Science (AM), Computer Science (PHD), Computer Science (SCM) or Cybersecurity (SCM) programs.\nEnrollment is limited to Graduate level students.",
            "class_instructors": [
                {
                    "name": "Daniel Ritchie",
                    "email": "daniel_ritchie@brown.edu"
                }
            ],
            "class_sections": [
                {
                    "section_num": "S01",
                    "section_crn": "18216",
                    "section_meets": "TTh 10:30-11:50a",
                    "section_instr": "D. Ritchie"
                },
                {
                    "section_num": "S02",
                    "section_crn": "18220",
                    "section_meets": "ONLINE",
                    "section_instr": "D. Ritchie"
                }
            ]
        },
        {
            "class_dept": "CSCI",
            "class_title": "Deep Learning",
            "class_code": "CSCI 2470",
            "class_description": "Deep Learning belongs to a broader family of machine learning methods. It is a particular version of artificial neural networks that emphasizes learning representation with multiple layers of networks. Deep Learning, plus the specialized techniques that it has inspired (e.g. convolutional neural networks, recurrent neural networks, and transformers), have led to rapid improvements in many applications, such as computer vision, machine learning, sound understanding, and robotics. This course gives students an overview of the prominent techniques of Deep Learning and its applications in computer vision, language understanding, and other areas. It also provides hands-on practice of implementing deep learning algorithms in Python. A final project will implement an advanced piece of work in one of these areas. Students may take CSCI 2470 or CSCI 1470 but not both.",
            "class_reg_restrictions": "Prerequisites: (CSCI 1420 or 1950F) and (CSCI 0111, 0150, 0170 or 0190) and (CSCI 0530, MATH 0520 or 0540) and (CSCI 0220, 1450, 0450, MATH 1610, APMA 1650 or 1655) and (CSCI 0190 or 0200).",
            "class_instructors": [
                {
                    "name": "Chen Sun",
                    "email": "chen_sun4@brown.edu"
                }
            ],
            "class_sections": [
                {
                    "section_num": "S01",
                    "section_crn": "18910",
                    "section_meets": "TTh 1-2:20p",
                    "section_instr": "C. Sun"
                }
            ]
        }
    ],
    "ECON": [
        {
            "class_dept": "ECON",
            "class_title": "Economic Organizations and Economic Systems",
            "class_code": "ECON 1450",
            "class_description": "Positive and normative study of the organizations that comprise and the institutional structures that characterize a modern mixed market economy. Theoretical efficiency and potential limitations of private enterprises and markets including (a) why some market actors are organizations (e.g., companies), (b) effort elicitation problems in organizations, (c) the problem of cooperation in traditional versus behavioral economics, and (d) alternative kinds of organization (including proprietorships, corporations, nonprofits, government agencies). Roles of government, and problems of government failure, including the collective action problem of democracy. State-market balance and contemporary controversies over the economic system in light of the 2008 financial crisis.",
            "class_reg_restrictions": "Prerequisites: ECON 1110, 1130 or minimum score of WAIVE in 'Graduate Student PreReq'.\nEnrollment limited to students with a semester level of 05, 06, 07, 08, 09, 10, 11, 12 or 13.",
            "class_instructors": [
                {
                    "name": "Louis Putterman",
                    "email": "louis_putterman@brown.edu"
                }
            ],
            "class_sections": [
                {
                    "section_num": "S01",
                    "section_crn": "17623",
                    "section_meets": "TTh 10:30-11:50a",
                    "section_instr": "L. Putterman"
                }
            ]
        }
    ],
    "EDUC": [
        {
            "class_dept": "EDUC",
            "class_title": "Inside Higher Ed: Sex, Class, and Admissions",
            "class_code": "EDUC 1310",
            "class_description": "This course introduces students to the sociological study of higher education in the United States. In this seminar, our primary focus will be to engage with the current debates, issues, and problems associated with higher education. Among the questions we will explore are: What is hook-up culture, and can you \u201copt-out\u201d? What is the purpose of higher education, and how does our background impact how we answer this question? Who are the biggest beneficiaries of affirmative action? Are legacy students and athletes advantaged in the admissions process? Which students are most likely to participate in class discussion? And how does gender matter for who does and does not participate? Who is best served by higher education institutions?\nThis class is not just about reading research. You will be required to actively discuss and reflect on your collegiate experiences with your classmates.",
            "class_reg_restrictions": "Enrollment limited to students with a semester level of 03, 04, 05, 06, 07, 08, 09, 10, 11, 12 or 13.",
            "class_instructors": [
                {
                    "name": "David Rangel",
                    "email": "david_rangel@brown.edu"
                }
            ],
            "class_sections": [
                {
                    "section_num": "S01",
                    "section_crn": "17197",
                    "section_meets": "TTh 9-10:20a",
                    "section_instr": "D. Rangel"
                }
            ]
        }
    ],
    "GNSS": [
        {
            "class_dept": "GNSS",
            "class_title": "Agnotology: The Will to Ignorance",
            "class_code": "GNSS 1400",
            "class_description": "If the will to knowledge is a will to power, what of the will to not know? How is ignorance a resource\u2014a form of self-protection, a source of cognitive dissonance, and a tool of political control? How is ignorance produced? This course considers epistemology from the perspective of what we don\u2019t know, what we refuse to know, and what we can\u2019t know. Drawing from philosophical, decolonial, theological, psychoanalytic, sociological, feminist, queer, and trans discourses, this interdisciplinary course explores such concepts as Glissant\u2019s \u201cright to opacity,\u201d Sedgwick\u2019s ignorances and nonce taxonomies, and \u017di\u017eek's theory of ideology as fetishistic disavowal. Texts will include Beauchamp\u2019s Going Stealth, Derrida\u2019s \u201cHow to Avoid Speaking: Denials,\u201d Freud\u2019s \u201cFetishism,\u201d Glazer\u2019s Zone of Interest, C. Mills\u2019s \u201cWhite Ignorance,\u201d Moten\u2019s \u201cBlackness and Nothingness,\u201d Ozeki\u2019s My Year of Meats, Rivi\u00e8re\u2019s \u201cWoman as Masquerade,\u201d and Smithson\u2019s \u201cSocial Theories of Ignorance.\u201d",
            "class_reg_restrictions": "Registration restrictions not found/provided.",
            "class_instructors": [
                {
                    "name": "Denise Davis",
                    "email": "denise_davis@brown.edu"
                }
            ],
            "class_sections": [
                {
                    "section_num": "S01",
                    "section_crn": "18948",
                    "section_meets": "TTh 2:30-3:50p",
                    "section_instr": "D. Davis"
                }
            ]
        }
    ],
    "LITR": [
        {
            "class_dept": "LITR",
            "class_title": "Structuring (and De-Structuring) Novels: Special Topics Literature Seminar",
            "class_code": "LITR 1230Y",
            "class_description": "How to structure a novel? This is a question most novelists approach with dread, because, a) all the good plots and structures have been used up; b) plots can feel annoying anyway, like a capitulation to cinema or theater; and c) nevertheless, it is impossible to write in total darkness. We\u2019ll dispel this darkness by reading works by a range of novelists. How do these authors strike a balance between complex thought and elegant/unusual structure? And how can we, as writers, maintain narrative coherence over the course of hundreds of pages?",
            "class_reg_restrictions": "Enrollment limited to students in the following programs:\nComparative Literature (AB)\nComparative Literature (AM)\nComparative Literature (PHD)\nEnglish (AB)\nEnglish (AM)\nEnglish (PHD)\nLiterary Arts (AB)\nLiterary Arts (MFA)",
            "class_instructors": [
                {
                    "name": "Karan Mahajan",
                    "email": "karan_mahajan@brown.edu"
                }
            ],
            "class_sections": [
                {
                    "section_num": "S01",
                    "section_crn": "17519",
                    "section_meets": "W 3-5:30p",
                    "section_instr": "K. Mahajan"
                }
            ]
        }
    ],
    "PHP": [
        {
            "class_dept": "PHP",
            "class_title": "Substance Use and Vulnerability to Addiction",
            "class_code": "PHP 1550",
            "class_description": "This foundational course will examine how we classify substance use, substance misuse, and substance use disorders and how substance use impacts population health, including exacerbating health disparities. We will examine and compare prominent models of why people become addicted to substances. Using the socioecological model as a framework, we will analyze key risk and protective factors for substance misuse including (a) individual factors such as biological susceptibility, personality, and co-occurring psychiatric disorders, (b) interpersonal factors such as peer use and social support, (c) community factors such as access to alternative reinforcers and neighborhood resources, and (d) societal factors such as racism, social and economic inequalities, and stigma around addiction. Using this framework, we will analyze how social determinants of health impact substance use and its negative consequences in marginalized populations.",
            "class_reg_restrictions": "Prerequisites: (PHP 0850*, 2120* or 2150*) and (PHP 1501*, 2507* or 2510*) or minimum score of WAIVE in 'Graduate Student PreReq'.\n* May be taken concurrently.\nEnrollment limited to students with a semester level of 05, 06, 07, 08, 09, 10, 11, 12 or 13.",
            "class_instructors": [
                {
                    "name": "Rachel Cassidy",
                    "email": "rachel_cassidy@brown.edu"
                }
            ],
            "class_sections": [
                {
                    "section_num": "S01",
                    "section_crn": "18281",
                    "section_meets": "W 3-5:30p",
                    "section_instr": "R. Cassidy"
                }
            ]
        }
    ],
    "SOC": [
        {
            "class_dept": "SOC",
            "class_title": "Principles and Methods of Geographic Information Systems",
            "class_code": "SOC 1340",
            "class_description": "An introduction to the fundamental principles and methods of geographic information systems (GIS). Topics include (a) handling different types of geographic datasets, (b) geo-analytical and modeling tools in GIS, (c) conceptual and theoretical aspects of GIS application development, and (d) errors and uncertainty analysis of GIS applications. Laboratory assignments and the project work provide hands on experiences in GIS. Enrollment limited to 42 juniors and seniors.",
            "class_reg_restrictions": "Enrollment limited to students with a semester level of 05, 06, 07, 08, 09, 10, 11, 12 or 13.",
            "class_instructors": [
                {
                    "name": "Kevin Mwenda",
                    "email": "kevin_mwenda@brown.edu"
                }
            ],
            "class_sections": [
                {
                    "section_num": "S01",
                    "section_crn": "17905",
                    "section_meets": "MWF 10-10:50a",
                    "section_instr": "K. Mwenda"
                }
            ]
        }
    ]
}