{
    "CSCI": [
        {
            "class_dept": "CSCI",
            "class_title": "Introduction to Object-Oriented Programming and Computer Science",
            "class_code": "CSCI 0150",
            "class_description": "Introduces programming in Java (a modern, widely-used programming language), interactive 2D computer graphics, and some fundamental data structures and algorithms. Students learn by programming a sequence of interactive graphics programs which gradually increase in complexity, including Doodle Jump, Tetris (http://bastilleweb.techhouse.org/), and a significant final project. Lectures are supplemented by skits performed by the UTAs (Undergraduate Teaching Assistants) to teach course concepts and for a bit of added entertainment! This course is intended for both potential concentrators and those who may take only a single course. There are NO prerequisites, and no prior knowledge of programming is required, though students who do have prior programming experience are also encouraged to take the course!",
            "class_reg_restrictions": "Enrollment limited to students with a semester level of 01, 02, 03 or 04.",
            "class_instructors": [
                {
                    "name": "Andries van Dam",
                    "email": "andries_van_dam@brown.edu"
                }
            ],
            "class_sections": [
                {
                    "section_num": "S01",
                    "section_crn": "18063",
                    "section_meets": "TTh 2:30-3:50p",
                    "section_instr": "A. van Dam"
                },
                {
                    "section_num": "C01",
                    "section_crn": "19080",
                    "section_meets": "W 9-10:50a",
                    "section_instr": "A. van Dam"
                },
                {
                    "section_num": "C02",
                    "section_crn": "19081",
                    "section_meets": "W 9-10:50a",
                    "section_instr": "A. van Dam"
                },
                {
                    "section_num": "C03",
                    "section_crn": "19082",
                    "section_meets": "ONLINE",
                    "section_instr": "A. van Dam"
                },
                {
                    "section_num": "C04",
                    "section_crn": "19083",
                    "section_meets": "T 10:30a-12:20p",
                    "section_instr": "A. van Dam"
                },
                {
                    "section_num": "C05",
                    "section_crn": "19084",
                    "section_meets": "T 10:30a-12:20p",
                    "section_instr": "A. van Dam"
                },
                {
                    "section_num": "C06",
                    "section_crn": "19085",
                    "section_meets": "Th 10:30a-12:20p",
                    "section_instr": "A. van Dam"
                },
                {
                    "section_num": "C07",
                    "section_crn": "19086",
                    "section_meets": "Th 10:30a-12:20p",
                    "section_instr": "A. van Dam"
                },
                {
                    "section_num": "C08",
                    "section_crn": "19087",
                    "section_meets": "T 4-5:50p",
                    "section_instr": "A. van Dam"
                },
                {
                    "section_num": "C09",
                    "section_crn": "19088",
                    "section_meets": "T 4-5:50p",
                    "section_instr": "A. van Dam"
                },
                {
                    "section_num": "C10",
                    "section_crn": "19089",
                    "section_meets": "Th 10-11:50a",
                    "section_instr": "A. van Dam"
                },
                {
                    "section_num": "C11",
                    "section_crn": "19090",
                    "section_meets": "Th 10-11:50a",
                    "section_instr": "A. van Dam"
                },
                {
                    "section_num": "C12",
                    "section_crn": "19091",
                    "section_meets": "Th 5-6:50p",
                    "section_instr": "A. van Dam"
                },
                {
                    "section_num": "C13",
                    "section_crn": "19092",
                    "section_meets": "W 11a-12:50p",
                    "section_instr": "A. van Dam"
                },
                {
                    "section_num": "C14",
                    "section_crn": "19093",
                    "section_meets": "T 4-5:50p",
                    "section_instr": "A. van Dam"
                },
                {
                    "section_num": "C15",
                    "section_crn": "19094",
                    "section_meets": "T 5-6:50p",
                    "section_instr": "A. van Dam"
                },
                {
                    "section_num": "C16",
                    "section_crn": "19095",
                    "section_meets": "W 1-2:50p",
                    "section_instr": "A. van Dam"
                },
                {
                    "section_num": "C17",
                    "section_crn": "19096",
                    "section_meets": "W 6-7:50p",
                    "section_instr": "A. van Dam"
                },
                {
                    "section_num": "C18",
                    "section_crn": "19097",
                    "section_meets": "T 7-8:50p",
                    "section_instr": "A. van Dam"
                },
                {
                    "section_num": "C19",
                    "section_crn": "19098",
                    "section_meets": "T 7-8:50p",
                    "section_instr": "A. van Dam"
                },
                {
                    "section_num": "C20",
                    "section_crn": "19099",
                    "section_meets": "T 7-8:50p",
                    "section_instr": "A. van Dam"
                },
                {
                    "section_num": "C21",
                    "section_crn": "19100",
                    "section_meets": "W 1-2:50p",
                    "section_instr": "A. van Dam"
                },
                {
                    "section_num": "C22",
                    "section_crn": "19101",
                    "section_meets": "W 5:30-7:20p",
                    "section_instr": "A. van Dam"
                },
                {
                    "section_num": "C23",
                    "section_crn": "19102",
                    "section_meets": "T 6:40-8:30p",
                    "section_instr": "A. van Dam"
                },
                {
                    "section_num": "C24",
                    "section_crn": "19103",
                    "section_meets": "T 6:40-8:30p",
                    "section_instr": "A. van Dam"
                },
                {
                    "section_num": "C25",
                    "section_crn": "19104",
                    "section_meets": "W 7-8:50p",
                    "section_instr": "A. van Dam"
                },
                {
                    "section_num": "C26",
                    "section_crn": "19105",
                    "section_meets": "W 7-8:50p",
                    "section_instr": "A. van Dam"
                },
                {
                    "section_num": "C27",
                    "section_crn": "19106",
                    "section_meets": "W 7-8:50p",
                    "section_instr": "A. van Dam"
                },
                {
                    "section_num": "C28",
                    "section_crn": "19107",
                    "section_meets": "W 6-7:50p",
                    "section_instr": "A. van Dam"
                }
            ]
        }
    ]
}